-- MySQL dump 10.13  Distrib 5.6.9-rc, for Win64 (x86_64)
--
-- Host: localhost    Database: empty
-- ------------------------------------------------------
-- Server version	5.6.9-rc-log

/*!40101 SET @OLD_CHARACTER_SET_CLIENT=@@CHARACTER_SET_CLIENT */;
/*!40101 SET @OLD_CHARACTER_SET_RESULTS=@@CHARACTER_SET_RESULTS */;
/*!40101 SET @OLD_COLLATION_CONNECTION=@@COLLATION_CONNECTION */;
/*!40101 SET NAMES utf8 */;
/*!40103 SET @OLD_TIME_ZONE=@@TIME_ZONE */;
/*!40103 SET TIME_ZONE='+00:00' */;
/*!40014 SET @OLD_UNIQUE_CHECKS=@@UNIQUE_CHECKS, UNIQUE_CHECKS=0 */;
/*!40014 SET @OLD_FOREIGN_KEY_CHECKS=@@FOREIGN_KEY_CHECKS, FOREIGN_KEY_CHECKS=0 */;
/*!40101 SET @OLD_SQL_MODE=@@SQL_MODE, SQL_MODE='NO_AUTO_VALUE_ON_ZERO' */;
/*!40111 SET @OLD_SQL_NOTES=@@SQL_NOTES, SQL_NOTES=0 */;

--
-- Table structure for table `action`
--

DROP TABLE IF EXISTS `action`;
/*!40101 SET @saved_cs_client     = @@character_set_client */;
/*!40101 SET character_set_client = utf8 */;
CREATE TABLE `action` (
  `id` int(11) NOT NULL AUTO_INCREMENT,
  `title` text NOT NULL,
  `alias` varchar(255) NOT NULL DEFAULT '',
  `rowRequired` enum('y','n') NOT NULL DEFAULT 'y',
  `type` enum('p','s','o') NOT NULL DEFAULT 'p',
  `display` enum('0','1') NOT NULL DEFAULT '1',
  `toggle` enum('y','n') NOT NULL DEFAULT 'y',
  PRIMARY KEY (`id`),
  KEY `rowRequired` (`rowRequired`),
  KEY `type` (`type`),
  KEY `toggle1` (`toggle`),
  KEY `display` (`display`),
  FULLTEXT KEY `title` (`title`)
) ENGINE=MyISAM AUTO_INCREMENT=47 DEFAULT CHARSET=utf8;
/*!40101 SET character_set_client = @saved_cs_client */;

--
-- Dumping data for table `action`
--

LOCK TABLES `action` WRITE;
/*!40000 ALTER TABLE `action` DISABLE KEYS */;
INSERT INTO `action` VALUES (1,'{\"ru\":\"Список\",\"en\":\"List\"}','index','n','s','0','y'),(2,'{\"ru\":\"Детали\",\"en\":\"Details\"}','form','y','s','1','y'),(3,'{\"ru\":\"Сохранить\",\"en\":\"Save\"}','save','y','s','0','y'),(4,'{\"ru\":\"Удалить\",\"en\":\"Delete\"}','delete','y','s','1','y'),(5,'{\"ru\":\"Выше\",\"en\":\"Move up\"}','up','y','s','1','y'),(6,'{\"ru\":\"Ниже\",\"en\":\"Move down\"}','down','y','s','1','y'),(7,'{\"ru\":\"Статус\",\"en\":\"Status\"}','toggle','y','s','1','y'),(18,'{\"ru\":\"Обновить кэш\",\"en\":\"Refresh cache\"}','cache','y','s','1','y'),(20,'{\"ru\":\"Авторизация\",\"en\":\"Authorization\"}','login','y','s','1','y'),(33,'{\"ru\":\"Автор\",\"en\":\"Author\"}','author','y','s','1','y'),(34,'{\"ru\":\"PHP\",\"en\":\"PHP\"}','php','y','s','1','y'),(35,'{\"ru\":\"JS\",\"en\":\"Js\"}','js','y','s','1','y'),(36,'{\"ru\":\"Экспорт\",\"en\":\"Export\"}','export','y','s','1','y'),(37,'{\"ru\":\"Перейти\",\"en\":\"Go to\"}','goto','y','s','1','y'),(38,'{\"ru\":\"\",\"en\":\"\"}','rwu','n','s','0','y'),(39,'{\"ru\":\"Активировать\",\"en\":\"Activate\"}','activate','y','s','1','y'),(40,'{\"ru\":\"Доступные языки\",\"en\":\"Available languages\"}','dict','n','s','1','y'),(41,'{\"ru\":\"Запустить\",\"en\":\"Run\"}','run','y','s','1','y'),(42,'{\"ru\":\"График\",\"en\":\"Schedule\"}','chart','y','s','1','y'),(43,'{\"ru\":\"Вординги\",\"en\":\"Wordings\"}','wordings','y','s','1','y'),(44,'{\"ru\":\"Перезапустить\",\"en\":\"Restart\"}','restart','n','s','1','y'),(45,'{\"ru\":\"Копировать\",\"en\":\"Copy\"}','copy','y','s','1','y');
/*!40000 ALTER TABLE `action` ENABLE KEYS */;
UNLOCK TABLES;

--
-- Table structure for table `admin`
--

DROP TABLE IF EXISTS `admin`;
/*!40101 SET @saved_cs_client     = @@character_set_client */;
/*!40101 SET character_set_client = utf8 */;
CREATE TABLE `admin` (
  `id` int(11) NOT NULL AUTO_INCREMENT,
  `profileId` int(11) NOT NULL DEFAULT '0',
  `title` text NOT NULL,
  `email` varchar(255) NOT NULL DEFAULT '',
  `password` varchar(255) NOT NULL DEFAULT '',
  `toggle` enum('y','n') NOT NULL DEFAULT 'y',
  `demo` enum('n','y') NOT NULL DEFAULT 'n',
  `uiedit` enum('n','y') NOT NULL DEFAULT 'n',
  PRIMARY KEY (`id`),
  KEY `profileId` (`profileId`),
  KEY `toggle` (`toggle`),
  KEY `demo` (`demo`),
  KEY `uiedit` (`uiedit`),
  FULLTEXT KEY `title` (`title`)
) ENGINE=MyISAM AUTO_INCREMENT=18 DEFAULT CHARSET=utf8;
/*!40101 SET character_set_client = @saved_cs_client */;

--
-- Dumping data for table `admin`
--

LOCK TABLES `admin` WRITE;
/*!40000 ALTER TABLE `admin` DISABLE KEYS */;
INSERT INTO `admin` VALUES (1,1,'{\"ru\":\"Павел Перминов\",\"en\":\"Pavel Perminov\"}','pavel.perminov.23@gmail.com','*8E1219CD047401C6FEAC700B47F5DA846A57ABD4','y','n','y'),(14,12,'{\"ru\":\"John Smith\",\"en\":\"John smith\"}','admin','*4ACFE3202A5FF5CF467898FC58AAB1D615029441','y','n','n');
/*!40000 ALTER TABLE `admin` ENABLE KEYS */;
UNLOCK TABLES;

--
-- Table structure for table `alteredfield`
--

DROP TABLE IF EXISTS `alteredfield`;
/*!40101 SET @saved_cs_client     = @@character_set_client */;
/*!40101 SET character_set_client = utf8 */;
CREATE TABLE `alteredfield` (
  `id` int(11) NOT NULL AUTO_INCREMENT,
  `sectionId` int(11) NOT NULL DEFAULT '0',
  `fieldId` int(11) NOT NULL DEFAULT '0',
  `defaultValue` varchar(255) NOT NULL DEFAULT '',
  `mode` enum('hidden','readonly','inherit','regular','required') NOT NULL DEFAULT 'inherit',
  `title` varchar(255) NOT NULL DEFAULT '',
  `impact` enum('all','only','except') NOT NULL DEFAULT 'all',
  `profileIds` varchar(255) NOT NULL DEFAULT '',
  `rename` varchar(255) NOT NULL DEFAULT '',
  `elementId` int(11) NOT NULL DEFAULT '0',
  PRIMARY KEY (`id`),
  KEY `sectionId` (`sectionId`),
  KEY `fieldId` (`fieldId`),
  KEY `impact` (`impact`),
  KEY `profileIds` (`profileIds`),
  KEY `mode` (`mode`),
  KEY `elementId` (`elementId`)
) ENGINE=MyISAM AUTO_INCREMENT=221 DEFAULT CHARSET=utf8;
/*!40101 SET character_set_client = @saved_cs_client */;

--
-- Dumping data for table `alteredfield`
--

LOCK TABLES `alteredfield` WRITE;
/*!40000 ALTER TABLE `alteredfield` DISABLE KEYS */;
INSERT INTO `alteredfield` VALUES (215,232,1515,'','readonly','Тип','except','1','',0),(216,394,2377,'','inherit','Результат','all','','',1),(219,6,2435,'','hidden','Экземпляр','all','','',0),(220,405,6,'4','inherit','Сущность','all','','',0);
/*!40000 ALTER TABLE `alteredfield` ENABLE KEYS */;
UNLOCK TABLES;

--
-- Table structure for table `changelog`
--

DROP TABLE IF EXISTS `changelog`;
/*!40101 SET @saved_cs_client     = @@character_set_client */;
/*!40101 SET character_set_client = utf8 */;
CREATE TABLE `changelog` (
  `id` int(11) NOT NULL AUTO_INCREMENT,
  `entityId` int(11) NOT NULL DEFAULT '0',
  `key` int(11) NOT NULL DEFAULT '0',
  `fieldId` int(11) NOT NULL DEFAULT '0',
  `was` text NOT NULL,
  `now` text NOT NULL,
  `datetime` datetime NOT NULL DEFAULT '0000-00-00 00:00:00',
  `monthId` int(11) NOT NULL DEFAULT '0',
  `changerType` int(11) NOT NULL DEFAULT '0',
  `changerId` int(11) NOT NULL DEFAULT '0',
  `profileId` int(11) NOT NULL DEFAULT '0',
  PRIMARY KEY (`id`),
  KEY `entityId` (`entityId`),
  KEY `key` (`key`),
  KEY `fieldId` (`fieldId`),
  KEY `monthId` (`monthId`),
  KEY `changerType` (`changerType`),
  KEY `changerId` (`changerId`),
  KEY `profileId` (`profileId`),
  FULLTEXT KEY `was` (`was`),
  FULLTEXT KEY `now` (`now`)
) ENGINE=MyISAM DEFAULT CHARSET=utf8;
/*!40101 SET character_set_client = @saved_cs_client */;

--
-- Dumping data for table `changelog`
--

LOCK TABLES `changelog` WRITE;
/*!40000 ALTER TABLE `changelog` DISABLE KEYS */;
/*!40000 ALTER TABLE `changelog` ENABLE KEYS */;
UNLOCK TABLES;

--
-- Table structure for table `columntype`
--

DROP TABLE IF EXISTS `columntype`;
/*!40101 SET @saved_cs_client     = @@character_set_client */;
/*!40101 SET character_set_client = utf8 */;
CREATE TABLE `columntype` (
  `id` int(11) NOT NULL AUTO_INCREMENT,
  `title` text NOT NULL,
  `type` varchar(255) NOT NULL DEFAULT '',
  `canStoreRelation` enum('y','n') NOT NULL DEFAULT 'n',
  `elementId` varchar(255) NOT NULL DEFAULT '',
  PRIMARY KEY (`id`),
  KEY `canStoreRelation` (`canStoreRelation`),
  KEY `elementId` (`elementId`),
  FULLTEXT KEY `title` (`title`)
) ENGINE=MyISAM AUTO_INCREMENT=14 DEFAULT CHARSET=utf8;
/*!40101 SET character_set_client = @saved_cs_client */;

--
-- Dumping data for table `columntype`
--

LOCK TABLES `columntype` WRITE;
/*!40000 ALTER TABLE `columntype` DISABLE KEYS */;
INSERT INTO `columntype` VALUES (1,'{\"ru\":\"Строка\",\"en\":\"Line\"}','VARCHAR(255)','y','22,23,1,7'),(3,'{\"ru\":\"Число\",\"en\":\"Number\"}','INT(11)','y','4,5,23,1,18'),(4,'{\"ru\":\"Текст\",\"en\":\"Text\"}','TEXT','y','6,7,13,1'),(5,'{\"ru\":\"Цена\",\"en\":\"Price\"}','DECIMAL(11,2)','n','24'),(6,'{\"ru\":\"Дата\",\"en\":\"date\"}','DATE','n','12'),(7,'{\"ru\":\"Год\",\"en\":\"Year\"}','YEAR','n',''),(8,'{\"ru\":\"Время\",\"en\":\"Time\"}','TIME','n','17'),(9,'{\"ru\":\"Момент\",\"en\":\"Moment\"}','DATETIME','n','19'),(10,'{\"ru\":\"Одно значение из набора\",\"en\":\"One value from a set\"}','ENUM','n','5,23'),(11,'{\"ru\":\"Набор значений\",\"en\":\"Set of values\"}','SET','n','23,1,6,7'),(12,'{\"ru\":\"Правда\\/Ложь\",\"en\":\"True False\"}','BOOLEAN','n','9'),(13,'{\"ru\":\"Цвет\",\"en\":\"Colour\"}','VARCHAR(10)','n','11');
/*!40000 ALTER TABLE `columntype` ENABLE KEYS */;
UNLOCK TABLES;

--
-- Table structure for table `consider`
--

DROP TABLE IF EXISTS `consider`;
/*!40101 SET @saved_cs_client     = @@character_set_client */;
/*!40101 SET character_set_client = utf8 */;
CREATE TABLE `consider` (
  `id` int(11) NOT NULL AUTO_INCREMENT,
  `entityId` int(11) NOT NULL DEFAULT '0',
  `fieldId` int(11) NOT NULL DEFAULT '0',
  `consider` int(11) NOT NULL DEFAULT '0',
  `foreign` int(11) NOT NULL DEFAULT '0',
  `title` varchar(255) NOT NULL DEFAULT '',
  `required` enum('n','y') NOT NULL DEFAULT 'n',
  `connector` int(11) NOT NULL DEFAULT '0',
  PRIMARY KEY (`id`),
  KEY `entityId` (`entityId`),
  KEY `fieldId` (`fieldId`),
  KEY `consider` (`consider`),
  KEY `foreign` (`foreign`),
  KEY `required` (`required`),
  KEY `connector` (`connector`)
) ENGINE=MyISAM AUTO_INCREMENT=48 DEFAULT CHARSET=utf8;
/*!40101 SET character_set_client = @saved_cs_client */;

--
-- Dumping data for table `consider`
--

LOCK TABLES `consider` WRITE;
/*!40000 ALTER TABLE `consider` DISABLE KEYS */;
INSERT INTO `consider` VALUES (1,308,2307,2246,12,'Поле','y',0),(2,5,9,10,0,'Элемент управления','y',0),(3,5,10,470,0,'Предназначено для хранения ключей','y',0),(4,9,34,33,19,'Раздел','y',0),(23,9,2313,34,12,'Поле','y',6),(24,195,2314,1443,12,'Поле прикрепленной к разделу сущности','y',6),(47,91,2166,2433,7,'Параметр','y',0),(7,3,503,19,0,'Сущность','y',0),(8,195,1443,1442,19,'Раздел','y',0),(9,101,1010,563,0,'Прикрепленная сущность','y',0),(10,162,1193,1192,0,'Раздел фронтенда','y',0),(11,301,2178,2177,0,'Сущность','y',0),(12,171,1342,1341,19,'Раздел','y',0),(13,301,2171,2170,0,'Раздел','y',0),(14,3,1554,19,0,'Сущность','y',0),(15,101,1560,868,563,'Вышестоящий раздел','y',0),(16,3,2211,19,0,'Сущность','y',0),(17,309,2262,2255,0,'Сущность','y',0),(18,308,2247,2246,6,'Поле','y',0),(19,308,2248,2247,12,'От какого поля зависит','y',6),(20,313,2292,2291,0,'Сущность','y',0),(21,313,2293,2291,0,'Сущность','y',0),(22,313,2299,2298,0,'Тип автора','y',0),(25,3,2322,19,0,'Сущность','y',0),(26,3,2323,2322,0,'Плитка','y',106),(27,9,1886,2165,0,'Auto title','y',0),(28,195,1658,2167,0,'Auto title','y',0),(29,8,2209,2164,0,'Auto title','y',0),(30,171,2252,2169,0,'Auto title','y',0),(31,9,2200,34,2199,'Поле','y',0),(32,314,2382,2342,0,'Этап','y',0),(33,314,2382,2343,0,'Статус','y',0),(34,8,2164,27,31,'Действие','y',0),(35,9,2165,34,7,'Поле','y',0),(37,195,2167,1443,7,'Поле прикрепленной к разделу сущности','y',0),(38,147,2168,860,857,'Действие','y',0),(39,171,2169,1342,7,'Поле','y',0),(40,310,2280,2275,36,'Роль','y',0),(41,308,2249,2247,7,'От какого поля зависит','y',0),(42,318,2399,2398,1337,'Роль','y',0),(43,318,2407,2405,19,'Раздел','y',0),(44,318,2408,2406,0,'Сущность','y',0),(45,91,2433,476,10,'Поле','y',2435),(46,5,2435,6,0,'Сущность','y',0);
/*!40000 ALTER TABLE `consider` ENABLE KEYS */;
UNLOCK TABLES;

--
-- Table structure for table `element`
--

DROP TABLE IF EXISTS `element`;
/*!40101 SET @saved_cs_client     = @@character_set_client */;
/*!40101 SET character_set_client = utf8 */;
CREATE TABLE `element` (
  `id` int(11) NOT NULL AUTO_INCREMENT,
  `title` text NOT NULL,
  `alias` varchar(255) NOT NULL DEFAULT '',
  `storeRelationAbility` set('none','one','many') NOT NULL DEFAULT 'none',
  `hidden` tinyint(1) NOT NULL DEFAULT '0',
  PRIMARY KEY (`id`),
  KEY `storeRelationAbility` (`storeRelationAbility`),
  KEY `storeRelationAbility_2` (`storeRelationAbility`),
  FULLTEXT KEY `title` (`title`)
) ENGINE=MyISAM AUTO_INCREMENT=25 DEFAULT CHARSET=utf8;
/*!40101 SET character_set_client = @saved_cs_client */;

--
-- Dumping data for table `element`
--

LOCK TABLES `element` WRITE;
/*!40000 ALTER TABLE `element` DISABLE KEYS */;
INSERT INTO `element` VALUES (1,'{\"ru\":\"Строка\",\"en\":\"String\"}','string','none,many',0),(4,'{\"ru\":\"Порядок\",\"en\":\"Order\"}','move','none',1),(5,'{\"ru\":\"Радио-кнопки\",\"en\":\"Radio buttons\"}','radio','one',0),(6,'{\"ru\":\"Текст\",\"en\":\"Text\"}','textarea','none,many',0),(7,'{\"ru\":\"Чекбоксы\",\"en\":\"Checkboxes\"}','multicheck','many',0),(9,'{\"ru\":\"Чекбокс\",\"en\":\"Checkbox\"}','check','none',0),(11,'{\"ru\":\"Цвет\",\"en\":\"Color picker\"}','color','none',0),(12,'{\"ru\":\"Календарь\",\"en\":\"Date picker\"}','calendar','none',0),(13,'{\"ru\":\"HTML-редактор\",\"en\":\"HTML editor\"}','html','none',0),(14,'{\"ru\":\"Файл\",\"en\":\"File-upload panel\"}','upload','none',0),(16,'{\"ru\":\"Группа полей\",\"en\":\"Field group\"}','span','none',0),(17,'{\"ru\":\"Время\",\"en\":\"Time\"}','time','none',0),(18,'{\"ru\":\"Число\",\"en\":\"Number\"}','number','none,one',0),(19,'{\"ru\":\"Момент\",\"en\":\"Datetime picker\"}','datetime','none',0),(22,'{\"ru\":\"Скрытое поле\",\"en\":\"Hidden field\"}','hidden','none',0),(23,'{\"ru\":\"Список\",\"en\":\"Combo\"}','combo','one,many',0),(24,'{\"ru\":\"Цена\",\"en\":\"Price\"}','price','none',0);
/*!40000 ALTER TABLE `element` ENABLE KEYS */;
UNLOCK TABLES;

--
-- Table structure for table `entity`
--

DROP TABLE IF EXISTS `entity`;
/*!40101 SET @saved_cs_client     = @@character_set_client */;
/*!40101 SET character_set_client = utf8 */;
CREATE TABLE `entity` (
  `id` int(11) NOT NULL AUTO_INCREMENT,
  `title` text NOT NULL,
  `table` varchar(255) NOT NULL DEFAULT '',
  `extends` varchar(255) NOT NULL DEFAULT 'Indi_Db_Table',
  `system` enum('n','y','o') NOT NULL DEFAULT 'n',
  `useCache` tinyint(1) NOT NULL DEFAULT '0',
  `titleFieldId` int(11) NOT NULL DEFAULT '0',
  `spaceScheme` enum('none','date','datetime','date-time','date-timeId','date-dayQty','datetime-minuteQty','date-time-minuteQty','date-timeId-minuteQty','date-timespan') NOT NULL DEFAULT 'none',
  `spaceFields` varchar(255) NOT NULL DEFAULT '',
  `filesGroupBy` int(11) NOT NULL DEFAULT '0',
  PRIMARY KEY (`id`),
  KEY `system` (`system`),
  KEY `titleFieldId` (`titleFieldId`),
  KEY `spaceScheme` (`spaceScheme`),
  KEY `spaceFields` (`spaceFields`),
  KEY `filesGroupBy` (`filesGroupBy`),
  FULLTEXT KEY `title` (`title`)
) ENGINE=MyISAM AUTO_INCREMENT=322 DEFAULT CHARSET=utf8;
/*!40101 SET character_set_client = @saved_cs_client */;

--
-- Dumping data for table `entity`
--

LOCK TABLES `entity` WRITE;
/*!40000 ALTER TABLE `entity` DISABLE KEYS */;
INSERT INTO `entity` VALUES (1,'{\"ru\":\"Тип столбца\",\"en\":\"MySQL column type\"}','columnType','Indi_Db_Table','y',0,2,'none','',0),(2,'{\"ru\":\"Сущность\",\"en\":\"Entity\"}','entity','Indi_Db_Table','y',1,4,'none','',0),(3,'{\"ru\":\"Раздел\",\"en\":\"Section\"}','section','Indi_Db_Table','y',0,20,'none','',0),(4,'{\"ru\":\"Элемент управления\",\"en\":\"Form element\"}','element','Indi_Db_Table','y',0,64,'none','',0),(5,'{\"ru\":\"Поле\",\"en\":\"Field\"}','field','Indi_Db_Table','y',1,7,'none','',0),(6,'{\"ru\":\"Значение из набора\",\"en\":\"Enumset\"}','enumset','Indi_Db_Table','y',0,16,'none','',0),(7,'{\"ru\":\"Действие\",\"en\":\"Action\"}','action','Indi_Db_Table','y',0,31,'none','',0),(8,'{\"ru\":\"Действие в разделе\",\"en\":\"Action in the section\"}','section2action','Indi_Db_Table','y',0,27,'none','',0),(9,'{\"ru\":\"Столбец грида\",\"en\":\"Grid column\"}','grid','Indi_Db_Table','y',0,34,'none','',0),(10,'{\"ru\":\"Роль\",\"en\":\"Role\"}','profile','Indi_Db_Table','y',0,36,'none','',0),(11,'{\"ru\":\"Администратор\",\"en\":\"Administrator\"}','admin','Indi_Db_Table','y',0,39,'none','',0),(20,'{\"ru\":\"Копия\",\"en\":\"Resized copy\"}','resize','Indi_Db_Table','y',0,107,'none','',0),(25,'Статическая страница','staticpage','Indi_Db_Table','o',0,131,'none','',0),(91,'{\"ru\":\"Параметр\",\"en\":\"Param\"}','param','Indi_Db_Table','y',0,2433,'none','',0),(101,'Раздел фронтенда','fsection','Indi_Db_Table','o',1,559,'none','',0),(195,'{\"ru\":\"Фильтр\",\"en\":\"Filter\"}','search','Indi_Db_Table','y',0,1443,'none','',0),(128,'Фидбэк','feedback','Indi_Db_Table','o',0,678,'none','',0),(146,'Действие, возможное для использования в разделе фронтенда','faction','Indi_Db_Table','o',1,857,'none','',0),(147,'Действие в разделе фронтенда','fsection2faction','Indi_Db_Table','o',1,860,'none','',0),(307,'{\"ru\":\"Язык\",\"en\":\"Language\"}','lang','Indi_Db_Table','y',0,2236,'none','',0),(162,'Компонент SEO-урла','url','Indi_Db_Table','o',0,0,'none','',0),(171,'{\"ru\":\"Поле, измененное в рамках раздела\",\"en\":\"Field adjusted for the section\"}','alteredField','Indi_Db_Table','y',0,1342,'none','',0),(204,'Статический элемент','staticblock','Indi_Db_Table','o',0,1485,'none','',0),(205,'Пункт меню','menu','Indi_Db_Table','o',0,1490,'none','',0),(301,'Компонент содержимого meta-тега','metatag','Indi_Db_Table','o',0,0,'none','',0),(309,'{\"ru\":\"Уведомление\",\"en\":\"Notification\"}','notice','Indi_Db_Table','y',0,2254,'none','',0),(310,'{\"ru\":\"Получатель уведомлений\",\"en\":\"Notification getter\"}','noticeGetter','Indi_Db_Table','y',0,2275,'none','',0),(308,'{\"ru\":\"Зависимость\",\"en\":\"Field dependency\"}','consider','Indi_Db_Table','y',0,2247,'none','',0),(311,'{\"ru\":\"Год\",\"en\":\"Year\"}','year','Indi_Db_Table','y',0,2286,'none','',0),(312,'{\"ru\":\"Месяц\",\"en\":\"Month\"}','month','Indi_Db_Table','y',0,2289,'none','',0),(313,'{\"ru\":\"Корректировка\",\"en\":\"Changelog entry\"}','changeLog','Indi_Db_Table','y',0,2296,'none','',0),(314,'{\"ru\":\"Очередь задач\",\"en\":\"Task queue\"}','queueTask','Indi_Db_Table','y',0,2336,'none','',0),(315,'{\"ru\":\"Сегмент очереди\",\"en\":\"Queue segment\"}','queueChunk','Indi_Db_Table','y',0,2359,'none','',0),(316,'{\"ru\":\"Элемент очереди\",\"en\":\"Queue item\"}','queueItem','Indi_Db_Table','y',0,0,'none','',0),(318,'{\"ru\":\"Рилтайм\",\"en\":\"Realtime\"}','realtime','Indi_Db_Table','y',0,2409,'none','',0);
/*!40000 ALTER TABLE `entity` ENABLE KEYS */;
UNLOCK TABLES;

--
-- Table structure for table `enumset`
--

DROP TABLE IF EXISTS `enumset`;
/*!40101 SET @saved_cs_client     = @@character_set_client */;
/*!40101 SET character_set_client = utf8 */;
CREATE TABLE `enumset` (
  `id` int(11) NOT NULL AUTO_INCREMENT,
  `fieldId` int(11) NOT NULL DEFAULT '0',
  `title` text NOT NULL,
  `alias` varchar(255) NOT NULL DEFAULT '',
  `move` int(11) NOT NULL DEFAULT '0',
  PRIMARY KEY (`id`),
  KEY `fieldId` (`fieldId`),
  FULLTEXT KEY `title` (`title`)
) ENGINE=MyISAM AUTO_INCREMENT=1193 DEFAULT CHARSET=utf8;
/*!40101 SET character_set_client = @saved_cs_client */;

--
-- Dumping data for table `enumset`
--

LOCK TABLES `enumset` WRITE;
/*!40000 ALTER TABLE `enumset` DISABLE KEYS */;
INSERT INTO `enumset` VALUES (1,3,'{\"ru\":\"Нет\",\"en\":\"No\"}','n',1),(2,3,'{\"ru\":\"Да\",\"en\":\"Yes\"}','y',2),(5,22,'{\"ru\":\"<span class=\\u0022i-color-box\\u0022 style=\\u0022background: lime;\\u0022><\\/span>Включен\",\"en\":\"<span class=\\u0022i-color-box\\u0022 style=\\u0022background: lime;\\u0022><\\/span>Turned on\"}','y',5),(6,22,'{\"ru\":\"<span class=\\u0022i-color-box\\u0022 style=\\u0022background: red;\\u0022><\\/span>Выключен\",\"en\":\"<span class=\\u0022i-color-box\\u0022 style=\\u0022background: red;\\u0022><\\/span>Turned off\"}','n',6),(9,29,'{\"ru\":\"<span class=\\u0022i-color-box\\u0022 style=\\u0022background: lime;\\u0022><\\/span>Включено\",\"en\":\"<span class=\\u0022i-color-box\\u0022 style=\\u0022background: lime;\\u0022><\\/span>Turned on\"}','y',9),(10,29,'{\"ru\":\"<span class=\\\"i-color-box\\\" style=\\\"background: red;\\\"><\\/span>Выключено\",\"en\":\"<span class=\\\"i-color-box\\\" style=\\\"background: red;\\\"><\\/span>Turned off\"}','n',10),(11,37,'{\"ru\":\"<span class=\\u0022i-color-box\\u0022 style=\\u0022background: lime;\\u0022><\\/span>Включена\",\"en\":\"<span class=\\u0022i-color-box\\u0022 style=\\u0022background: lime;\\u0022><\\/span>Turned on\"}','y',11),(12,37,'{\"ru\":\"<span class=\\u0022i-color-box\\u0022 style=\\u0022background: red;\\u0022><\\/span>Выключена\",\"en\":\"<span class=\\u0022i-color-box\\u0022 style=\\u0022background: red;\\u0022><\\/span>Turned off\"}','n',12),(13,42,'{\"ru\":\"<span class=\\u0022i-color-box\\u0022 style=\\u0022background: lime;\\u0022><\\/span>Включен\",\"en\":\"<span class=\\u0022i-color-box\\u0022 style=\\u0022background: lime;\\u0022><\\/span>Turned on\"}','y',13),(14,42,'{\"ru\":\"<span class=\\u0022i-color-box\\u0022 style=\\u0022background: red;\\u0022><\\/span>Выключен\",\"en\":\"<span class=\\u0022i-color-box\\u0022 style=\\u0022background: red;\\u0022><\\/span>Turned off\"}','n',14),(62,66,'{\"ru\":\"Нет\",\"en\":\"No\"}','none',62),(63,66,'{\"ru\":\"Только с одним значением ключа\",\"en\":\"With only one key value\"}','one',63),(64,66,'{\"ru\":\"С набором значений ключей\",\"en\":\"With a set of key values\"}','many',64),(87,111,'{\"ru\":\"Поменять, но с сохранением пропорций\",\"en\":\"Change, but keep proportions\"}','p',87),(88,111,'{\"ru\":\"Поменять\",\"en\":\"Change\"}','c',88),(89,111,'{\"ru\":\"Не менять\",\"en\":\"Do not change\"}','o',89),(91,114,'{\"ru\":\"Ширины\",\"en\":\"Width\"}','width',91),(92,114,'{\"ru\":\"Высоты\",\"en\":\"Height\"}','height',92),(95,137,'<span class=\"i-color-box\" style=\"background: lime;\"></span>Включена','y',95),(96,137,'<span class=\"i-color-box\" style=\"background: red;\"></span>Выключена','n',96),(112,345,'{\"ru\":\"Да\",\"en\":\"Yes\"}','y',112),(113,345,'{\"ru\":\"Нет\",\"en\":\"No\"}','n',113),(122,0,'Всем друзьям, кроме указанных в разделе \"Исключения из правил доступа на просмотр блога\"','ae',122),(181,470,'{\"ru\":\"<span class=\\\"i-color-box\\\" style=\\\"background: white;\\\"><\\/span>Нет\",\"en\":\"<span class=\\\"i-color-box\\\" style=\\\"background: white;\\\"><\\/span>No\"}','none',164),(183,470,'{\"ru\":\"<span class=\\\"i-color-box\\\" style=\\\"background: url(\\/i\\/admin\\/btn-icon-multikey.png);\\\"><\\/span>Да, несколько ключей\",\"en\":\"<span class=\\\"i-color-box\\\" style=\\\"background: url(\\/i\\/admin\\/btn-icon-multikey.png);\\\"><\\/span>Yes, multiple keys\"}','many',296),(184,470,'{\"ru\":\"<span class=\\\"i-color-box\\\" style=\\\"background: url(\\/i\\/admin\\/btn-icon-login.png);\\\"><\\/span>Да, но только один ключ\",\"en\":\"<span class=\\\"i-color-box\\\" style=\\\"background: url(\\/i\\/admin\\/btn-icon-login.png);\\\"><\\/span>Yes, but only one key\"}','one',295),(1076,2159,'{\"ru\":\"<span class=\\u0022i-color-box\\u0022 style=\\u0022background: lightgray; border: 1px solid blue;\\u0022><\\/span>Скрыт, но показан в развороте\",\"en\":\"<span class=\\u0022i-color-box\\u0022 style=\\u0022background: lightgray; border: 1px solid blue;\\u0022><\\/span>Hidden, but shown in row expander\"}','e',1076),(213,557,'{\"ru\":\"<span class=\\\"i-color-box\\\" style=\\\"background: url(resources\\/images\\/grid\\/sort_asc.png) -5px -1px;\\\"><\\/span>По возрастанию\",\"en\":\"<span class=\\\"i-color-box\\\" style=\\\"background: url(resources\\/images\\/grid\\/sort_asc.png) -5px -1px;\\\"><\\/span>Ascending\"}','ASC',297),(214,557,'{\"ru\":\"<span class=\\\"i-color-box\\\" style=\\\"background: url(resources\\/images\\/grid\\/sort_desc.png) -5px -1px;\\\"><\\/span>По убыванию\",\"en\":\"<span class=\\\"i-color-box\\\" style=\\\"background: url(resources\\/images\\/grid\\/sort_desc.png) -5px -1px;\\\"><\\/span>Descending\"}','DESC',182),(219,594,'{\"ru\":\"Да\",\"en\":\"Yes\"}','y',299),(220,594,'{\"ru\":\"Нет\",\"en\":\"No\"}','n',300),(227,612,'{\"ru\":\"Проектная\",\"en\":\"Custom\"}','n',301),(228,612,'{\"ru\":\"<span style=\'color: red\'>Системная<\\/span>\",\"en\":\"<span style=\'color: red\'>System<\\/span>\"}','y',186),(572,1365,'<font color=lime>Типовое</font>','o',461),(571,1365,'<font color=red>Системное</font>','s',460),(570,1365,'Проектное','p',0),(580,1445,'{\"ru\":\"<span class=\\u0022i-color-box\\u0022 style=\\u0022background: lime;\\u0022><\\/span>Включен\",\"en\":\"<span class=\\u0022i-color-box\\u0022 style=\\u0022background: lime;\\u0022><\\/span>Turned on\"}','y',0),(581,1445,'{\"ru\":\"<span class=\\u0022i-color-box\\u0022 style=\\u0022background: red;\\u0022><\\/span>Выключен\",\"en\":\"<span class=\\u0022i-color-box\\u0022 style=\\u0022background: red;\\u0022><\\/span>Turned off\"}','n',464),(979,2197,'{\"ru\":\"<span class=\\u0022i-color-box\\u0022 style=\\u0022background: url(\\/i\\/admin\\/field\\/regular.png);\\u0022><\\/span>Обычное\",\"en\":\"<span class=\\u0022i-color-box\\u0022 style=\\u0022background: url(\\/i\\/admin\\/field\\/regular.png);\\u0022><\\/span>Regular\"}','regular',979),(980,2197,'{\"ru\":\"<span class=\\u0022i-color-box\\u0022 style=\\u0022background: url(\\/i\\/admin\\/field\\/required.png);\\u0022><\\/span>Обязательное\",\"en\":\"<span class=\\u0022i-color-box\\u0022 style=\\u0022background: url(\\/i\\/admin\\/field\\/required.png);\\u0022><\\/span>Required\"}','required',980),(981,2197,'{\"ru\":\"<span class=\\u0022i-color-box\\u0022 style=\\u0022background: url(\\/i\\/admin\\/field\\/readonly.png);\\u0022><\\/span>Только чтение\",\"en\":\"<span class=\\u0022i-color-box\\u0022 style=\\u0022background: url(\\/i\\/admin\\/field\\/readonly.png);\\u0022><\\/span>Readonly\"}','readonly',981),(982,2197,'{\"ru\":\"<span class=\\\"i-color-box\\\" style=\\\"background: url(\\/i\\/admin\\/field\\/hidden.png);\\\"><\\/span>Скрытое\",\"en\":\"<span class=\\\"i-color-box\\\" style=\\\"background: url(\\/i\\/admin\\/field\\/hidden.png);\\\"><\\/span>Hidden\"}','hidden',982),(328,0,'Очень плохо','1',254),(480,1040,'Одностроковый','s',408),(478,1027,'Для jQuery.post()','j',407),(479,1040,'Обычный','r',0),(477,1027,'Обычное','r',0),(574,1366,'{\"ru\":\"<font color=red>Системная<\\/font>\",\"en\":\"<font color=red>System<\\/font>\"}','s',462),(573,1366,'{\"ru\":\"Проектная\",\"en\":\"Custom\"}','p',0),(575,1366,'{\"ru\":\"<font color=lime>Публичная<\\/font>\",\"en\":\"<font color=lime>Common<\\/font>\"}','o',463),(458,1009,'SQL-выражению','e',396),(457,1009,'Одному из имеющихся столбцов','c',0),(459,1011,'По возрастанию','ASC',0),(460,1011,'По убыванию','DESC',0),(484,1074,'Над записью','r',0),(485,1074,'Над набором записей','rs',411),(486,1074,'Только независимые множества, если нужно','n',412),(567,1364,'{\"ru\":\"Проектная\",\"en\":\"Custom\"}','p',0),(568,1364,'{\"ru\":\"<font color=red>Системная<\\/font>\",\"en\":\"<font color=red>System<\\/font>\"}','s',458),(569,1364,'{\"ru\":\"<font color=lime>Публичная<\\/font>\",\"en\":\"<font color=lime>Common<\\/font>\"}','o',459),(969,2176,'Запись','row',969),(968,2176,'Действие','action',968),(967,2176,'Раздел','section',967),(566,612,'{\"ru\":\"<font color=lime>Публичная<\\/font>\",\"en\":\"<font color=lime>Common<\\/font>\"}','o',457),(582,1488,'<span class=\"i-color-box\" style=\"background: lime;\"></span>Включен','y',0),(583,1488,'<span class=\"i-color-box\" style=\"background: red;\"></span>Выключен','n',465),(584,1491,'Нет','n',0),(585,1491,'Да','y',466),(586,1494,'<span class=\"i-color-box\" style=\"background: lime;\"></span>Включен','y',0),(587,1494,'<span class=\"i-color-box\" style=\"background: red;\"></span>Выключен','n',467),(594,1515,'HTML','html',0),(595,1515,'Строка','string',471),(596,1515,'Текст','textarea',472),(597,1495,'Да','y',0),(598,1495,'Нет','n',473),(608,1533,'<span class=\"i-color-box\" style=\"background: red;\"></span>Выключен','n',478),(607,1533,'<span class=\"i-color-box\" style=\"background: lime;\"></span>Включен','y',0),(962,2172,'Title','title',962),(963,2172,'Keywords','keywords',963),(964,2172,'Description','description',964),(965,2173,'Статический','static',965),(966,2173,'Динамический','dynamic',966),(960,2159,'{\"ru\":\"<span class=\\u0022i-color-box\\u0022 style=\\u0022background: lime;\\u0022><\\/span>Включен\",\"en\":\"<span class=\\u0022i-color-box\\u0022 style=\\u0022background: lime;\\u0022><\\/span>Turned on\"}','y',0),(961,2159,'{\"ru\":\"<span class=\\u0022i-color-box\\u0022 style=\\u0022background: red;\\u0022><\\/span>Выключен\",\"en\":\"<span class=\\u0022i-color-box\\u0022 style=\\u0022background: red;\\u0022><\\/span>Turned off\"}','n',489),(983,2202,'{\"ru\":\"<span class=\\u0022i-color-box\\u0022 style=\\u0022background: lime;\\u0022><\\/span>Включено\",\"en\":\"<span class=\\u0022i-color-box\\u0022 style=\\u0022background: lime;\\u0022><\\/span>Turned on\"}','y',983),(984,2202,'{\"ru\":\"<span class=\\u0022i-color-box\\u0022 style=\\u0022background: red;\\u0022><\\/span>Выключено\",\"en\":\"<span class=\\u0022i-color-box\\u0022 style=\\u0022background: red;\\u0022><\\/span>Turned off\"}','n',984),(985,2203,'{\"ru\":\"Всем\",\"en\":\"Everyone\"}','all',985),(986,2203,'{\"ru\":\"Никому, кроме\",\"en\":\"Only\"}','only',986),(987,2203,'{\"ru\":\"Всем, кроме\",\"en\":\"Everyone except\"}','except',987),(988,2205,'{\"ru\":\"Всем\",\"en\":\"Everyone\"}','all',988),(989,2205,'{\"ru\":\"Никому, кроме\",\"en\":\"Only\"}','only',989),(990,2205,'{\"ru\":\"Всем, кроме\",\"en\":\"Everyone except\"}','except',990),(991,2207,'{\"ru\":\"Все\",\"en\":\"Everyone\"}','all',991),(992,2207,'{\"ru\":\"Никто, кроме\",\"en\":\"Noone except\"}','only',992),(993,2207,'{\"ru\":\"Все, кроме\",\"en\":\"Everyone except\"}','except',993),(994,2210,'{\"ru\":\"<span class=\\u0022i-color-box\\u0022 style=\\u0022background: lightgray;\\u0022><\\/span>Выключен\",\"en\":\"<span class=\\u0022i-color-box\\u0022 style=\\u0022background: lightgray;\\u0022><\\/span>Turned off\"}','0',994),(995,2210,'{\"ru\":\"<span class=\\u0022i-color-box\\u0022 style=\\u0022background: blue;\\u0022><\\/span>Включен\",\"en\":\"<span class=\\u0022i-color-box\\u0022 style=\\u0022background: blue;\\u0022><\\/span>Turned on\"}','1',995),(996,2212,'{\"ru\":\"<span class=\\\"i-color-box\\\" style=\\\"background: blue;\\\"><\\/span>Авто\",\"en\":\"<span class=\\\"i-color-box\\\" style=\\\"background: blue;\\\"><\\/span>Auto\"}','auto',996),(997,2212,'{\"ru\":\"<span class=\\\"i-color-box\\\" style=\\\"background: lime;\\\"><\\/span>Отображать\",\"en\":\"<span class=\\\"i-color-box\\\" style=\\\"background: lime;\\\"><\\/span>Display\"}','yes',997),(998,2212,'{\"ru\":\"<span class=\\\"i-color-box\\\" style=\\\"background: red;\\\"><\\/span>Не отображать\",\"en\":\"<span class=\\\"i-color-box\\\" style=\\\"background: red;\\\"><\\/span>Do not display\"}','no',998),(999,2213,'{\"ru\":\"<span class=\\\"i-color-box\\\" style=\\\"background: url(\\/i\\/admin\\/field\\/inherit.png);\\\"><\\/span>Авто\",\"en\":\"<span class=\\\"i-color-box\\\" style=\\\"background: url(\\/i\\/admin\\/field\\/inherit.png);\\\"><\\/span>Auto\"}','auto',999),(1000,2213,'{\"ru\":\"<span class=\\\"i-color-box\\\" style=\\\"background: url(\\/i\\/admin\\/field\\/readonly.png);\\\"><\\/span>Отдельным запросом\",\"en\":\"<span class=\\\"i-color-box\\\" style=\\\"background: url(\\/i\\/admin\\/field\\/readonly.png);\\\"><\\/span>Separate request\"}','yes',1000),(1001,2213,'{\"ru\":\"<span class=\\\"i-color-box\\\" style=\\\"background: url(\\/i\\/admin\\/field\\/required.png);\\\"><\\/span>В том же запросе\",\"en\":\"<span class=\\\"i-color-box\\\" style=\\\"background: url(\\/i\\/admin\\/field\\/required.png);\\\"><\\/span>In the same request\"}','no',1001),(1002,2214,'{\"ru\":\"<span class=\\u0022i-color-box\\u0022 style=\\u0022background: lime;\\u0022><\\/span>Включено\",\"en\":\"<span class=\\u0022i-color-box\\u0022 style=\\u0022background: lime;\\u0022><\\/span>Turned on\"}','auto',1002),(1003,2214,'{\"ru\":\"<span class=\\\"i-color-box\\\" style=\\\"background: lightgray;\\\"><\\/span>Выключено\",\"en\":\"<span class=\\\"i-color-box\\\" style=\\\"background: lightgray;\\\"><\\/span>Turned off\"}','n',1003),(1036,2267,'{\"ru\":\"Увеличение\",\"en\":\"Increase\"}','inc',1036),(1037,2267,'{\"ru\":\"Уменьшение\",\"en\":\"Decrease\"}','dec',1037),(1032,2258,'{\"ru\":\"<span class=\\u0022i-color-box\\u0022 style=\\u0022background: lime;\\u0022><\\/span>Включено\",\"en\":\"<span class=\\u0022i-color-box\\u0022 style=\\u0022background: lime;\\u0022><\\/span>Turned on\"}','y',1032),(1033,2258,'{\"ru\":\"<span class=\\\"i-color-box\\\" style=\\\"background: red;\\\"><\\/span>Выключено\",\"en\":\"<span class=\\\"i-color-box\\\" style=\\\"background: red;\\\"><\\/span>Turned off\"}','n',1033),(1034,2261,'{\"ru\":\"Одинаковое для всех получателей\",\"en\":\"Same for all recipients\"}','event',1034),(1035,2261,'{\"ru\":\"Неодинаковое, зависит от получателя\",\"en\":\"Not the same, depends on the recipient\"}','getter',1035),(1010,2238,'{\"ru\":\"<span class=\\u0022i-color-box\\u0022 style=\\u0022background: lime;\\u0022><\\/span>Включен\",\"en\":\"<span class=\\u0022i-color-box\\u0022 style=\\u0022background: lime;\\u0022><\\/span>Turned on\"}','y',1010),(1011,2238,'{\"ru\":\"<span class=\\u0022i-color-box\\u0022 style=\\u0022background: red;\\u0022><\\/span>Выключен\",\"en\":\"<span class=\\u0022i-color-box\\u0022 style=\\u0022background: red;\\u0022><\\/span>Turned off\"}','n',1011),(1012,2239,'{\"ru\":\"<span class=\\u0022i-color-box\\u0022 style=\\u0022background: lightgray;\\u0022><\\/span>Выключена\",\"en\":\"<span class=\\u0022i-color-box\\u0022 style=\\u0022background: lightgray;\\u0022><\\/span>Turned off\"}','n',1012),(1013,2239,'{\"ru\":\"<span class=\\u0022i-color-box\\u0022 style=\\u0022background: blue;\\u0022><\\/span>Включена\",\"en\":\"<span class=\\u0022i-color-box\\u0022 style=\\u0022background: blue;\\u0022><\\/span>Turned on\"}','y',1088),(1014,2241,'Существующей','existing',1014),(1015,2241,'Новой','new',1015),(1016,2241,'Любой','any',1016),(1017,2243,'{\"ru\":\"Нет\",\"en\":\"No\"}','none',1017),(1018,2243,'{\"ru\":\"DATE\",\"en\":\"DATE\"}','date',1018),(1019,2243,'{\"ru\":\"DATETIME\",\"en\":\"DATETIME\"}','datetime',1019),(1020,2243,'{\"ru\":\"DATE, TIME\",\"en\":\"DATE, TIME\"}','date-time',1020),(1021,2243,'{\"ru\":\"DATE, timeId\",\"en\":\"DATE, timeId\"}','date-timeId',1021),(1022,2243,'{\"ru\":\"DATE, dayQty\",\"en\":\"DATE, dayQty\"}','date-dayQty',1022),(1023,2243,'{\"ru\":\"DATETIME, minuteQty\",\"en\":\"DATETIME, minuteQty\"}','datetime-minuteQty',1023),(1024,2243,'{\"ru\":\"DATE, TIME, minuteQty\",\"en\":\"DATE, TIME, minuteQty\"}','date-time-minuteQty',1024),(1025,2243,'{\"ru\":\"DATE, timeId, minuteQty\",\"en\":\"DATE, timeId, minuteQty\"}','date-timeId-minuteQty',1025),(1026,2243,'{\"ru\":\"DATE, hh:mm-hh:mm\",\"en\":\"DATE, hh:mm-hh:mm\"}','date-timespan',1026),(1027,2161,'{\"ru\":\"<span class=\\\"i-color-box\\\" style=\\\"background: url(\\/i\\/admin\\/field\\/hidden.png);\\\"><\\/span>Скрытое\",\"en\":\"<span class=\\\"i-color-box\\\" style=\\\"background: url(\\/i\\/admin\\/field\\/hidden.png);\\\"><\\/span>Hidden\"}','hidden',1031),(1028,2161,'{\"ru\":\"<span class=\\u0022i-color-box\\u0022 style=\\u0022background: url(\\/i\\/admin\\/field\\/readonly.png);\\u0022><\\/span>Только чтение\",\"en\":\"<span class=\\u0022i-color-box\\u0022 style=\\u0022background: url(\\/i\\/admin\\/field\\/readonly.png);\\u0022><\\/span>Readonly\"}','readonly',1030),(1029,2161,'{\"ru\":\"<span class=\\u0022i-color-box\\u0022 style=\\u0022background: url(\\/i\\/admin\\/field\\/inherit.png);\\u0022><\\/span>Без изменений\",\"en\":\"<span class=\\u0022i-color-box\\u0022 style=\\u0022background: url(\\/i\\/admin\\/field\\/inherit.png);\\u0022><\\/span>No changes\"}','inherit',1027),(1030,2161,'{\"ru\":\"<span class=\\u0022i-color-box\\u0022 style=\\u0022background: url(\\/i\\/admin\\/field\\/regular.png);\\u0022><\\/span>Обычное\",\"en\":\"<span class=\\u0022i-color-box\\u0022 style=\\u0022background: url(\\/i\\/admin\\/field\\/regular.png);\\u0022><\\/span>Regular\"}','regular',1028),(1031,2161,'{\"ru\":\"<span class=\\u0022i-color-box\\u0022 style=\\u0022background: url(\\/i\\/admin\\/field\\/required.png);\\u0022><\\/span>Обязательное\",\"en\":\"<span class=\\u0022i-color-box\\u0022 style=\\u0022background: url(\\/i\\/admin\\/field\\/required.png);\\u0022><\\/span>Required\"}','required',1029),(1038,2267,'{\"ru\":\"Изменение\",\"en\":\"Change\"}','evt',1038),(1039,2276,'{\"ru\":\"Общий\",\"en\":\"Shared\"}','event',1039),(1040,2276,'{\"ru\":\"Раздельный\",\"en\":\"Separated\"}','getter',1040),(1041,2281,'{\"ru\":\"<span class=\\\"i-color-box\\\" style=\\\"background: lightgray;\\\"><\\/span>Нет\",\"en\":\"<span class=\\\"i-color-box\\\" style=\\\"background: lightgray;\\\"><\\/span>No\"}','n',1041),(1042,2281,'{\"ru\":\"<span class=\\\"i-color-box\\\" style=\\\"background: lime;\\\"><\\/span>Да\",\"en\":\"<span class=\\\"i-color-box\\\" style=\\\"background: lime;\\\"><\\/span>Yes\"}','y',1042),(1043,2282,'{\"ru\":\"<span class=\\\"i-color-box\\\" style=\\\"background: lightgray;\\\"><\\/span>Нет\",\"en\":\"<span class=\\\"i-color-box\\\" style=\\\"background: lightgray;\\\"><\\/span>No\"}','n',1043),(1044,2282,'{\"ru\":\"<span class=\\\"i-color-box\\\" style=\\\"background: lime;\\\"><\\/span>Да\",\"en\":\"<span class=\\\"i-color-box\\\" style=\\\"background: lime;\\\"><\\/span>Yes\"}','y',1044),(1045,2283,'{\"ru\":\"<span class=\\\"i-color-box\\\" style=\\\"background: lightgray;\\\"><\\/span>Нет\",\"en\":\"<span class=\\\"i-color-box\\\" style=\\\"background: lightgray;\\\"><\\/span>No\"}','n',1045),(1046,2283,'{\"ru\":\"<span class=\\\"i-color-box\\\" style=\\\"background: lime;\\\"><\\/span>Да\",\"en\":\"<span class=\\\"i-color-box\\\" style=\\\"background: lime;\\\"><\\/span>Yes\"}','y',1046),(1047,2285,'<span class=\"i-color-box\" style=\"background: lightgray;\"></span>Нет','n',1047),(1048,2285,'<span class=\"i-color-box\" style=\"background: lime;\"></span>Да','y',1048),(1049,2288,'{\"ru\":\"Январь\",\"en\":\"January\"}','01',1049),(1050,2288,'{\"ru\":\"Февраль\",\"en\":\"February\"}','02',1050),(1051,2288,'{\"ru\":\"Март\",\"en\":\"March\"}','03',1051),(1052,2288,'{\"ru\":\"Апрель\",\"en\":\"April\"}','04',1052),(1053,2288,'{\"ru\":\"Май\",\"en\":\"May\"}','05',1053),(1054,2288,'{\"ru\":\"Июнь\",\"en\":\"June\"}','06',1054),(1055,2288,'{\"ru\":\"Июль\",\"en\":\"July\"}','07',1055),(1056,2288,'{\"ru\":\"Август\",\"en\":\"August\"}','08',1056),(1057,2288,'{\"ru\":\"Сентябрь\",\"en\":\"September\"}','09',1057),(1058,2288,'{\"ru\":\"Октябрь\",\"en\":\"October\"}','10',1058),(1059,2288,'{\"ru\":\"Ноябрь\",\"en\":\"November\"}','11',1059),(1060,2288,'{\"ru\":\"Декабрь\",\"en\":\"December\"}','12',1060),(1061,2301,'{\"ru\":\"Всем пользователям\",\"en\":\"All users\"}','all',1061),(1062,2301,'{\"ru\":\"Только выбранным\",\"en\":\"Only chosen\"}','only',1062),(1063,2301,'{\"ru\":\"Всем кроме выбранных\",\"en\":\"Everyone except the chosen ones\"}','except',1063),(1064,2301,'{\"ru\":\"Никому\",\"en\":\"Noone\"}','none',1064),(1065,2159,'{\"ru\":\"<span class=\\u0022i-color-box\\u0022 style=\\u0022background: lightgray;\\u0022><\\/span>Скрыт\",\"en\":\"<span class=\\u0022i-color-box\\u0022 style=\\u0022background: lightgray;\\u0022><\\/span>Hidden\"}','h',1065),(1066,2304,'{\"ru\":\"Пусто\",\"en\":\"Empty\"}','none',1066),(1067,2304,'{\"ru\":\"Сумма\",\"en\":\"Summary\"}','sum',1067),(1068,2304,'{\"ru\":\"Среднее\",\"en\":\"Average\"}','average',1068),(1069,2304,'{\"ru\":\"Минимум\",\"en\":\"Minimum\"}','min',1069),(1070,2304,'{\"ru\":\"Максимум\",\"en\":\"Maximum\"}','max',1070),(1071,2304,'{\"ru\":\"Текст\",\"en\":\"Text\"}','text',1071),(1072,2306,'{\"ru\":\"<span class=\\\"i-color-box\\\" style=\\\"background: lightgray;\\\"><\\/span>Нет\",\"en\":\"<span class=\\\"i-color-box\\\" style=\\\"background: lightgray;\\\"><\\/span>No\"}','n',1072),(1073,2306,'{\"ru\":\"<span class=\\\"i-color-box\\\" style=\\\"background: blue;\\\"><\\/span>Да\",\"en\":\"<span class=\\\"i-color-box\\\" style=\\\"background: blue;\\\"><\\/span>Yes\"}','y',1073),(1074,2308,'{\"ru\":\"Обычные\",\"en\":\"Normal\"}','normal',1075),(1075,2308,'{\"ru\":\"Зафиксированные\",\"en\":\"Locked\"}','locked',1074),(1077,2316,'{\"ru\":\"<span class=\\u0022i-color-box\\u0022 style=\\u0022background: lime;\\u0022><\\/span>Включен\",\"en\":\"<span class=\\u0022i-color-box\\u0022 style=\\u0022background: lime;\\u0022><\\/span>Turned on\"}','y',1077),(1078,2316,'{\"ru\":\"<span class=\\u0022i-color-box\\u0022 style=\\u0022background: red;\\u0022><\\/span>Выключен\",\"en\":\"<span class=\\u0022i-color-box\\u0022 style=\\u0022background: red;\\u0022><\\/span>Turned off\"}','n',1078),(1079,22,'{\"ru\":\"<span class=\\u0022i-color-box\\u0022 style=\\u0022background: lightgray;\\u0022><\\/span>Скрыт\",\"en\":\"<span class=\\u0022i-color-box\\u0022 style=\\u0022background: lightgray;\\u0022><\\/span>Hidden\"}','h',1079),(1080,2318,'{\"ru\":\"<span class=\\\"i-color-box\\\" style=\\\"background: lightgray;\\\"><\\/span>Нет\",\"en\":\"<span class=\\\"i-color-box\\\" style=\\\"background: lightgray;\\\"><\\/span>No\"}','n',1080),(1081,2318,'{\"ru\":\"<span class=\\\"i-color-box\\\" style=\\\"background: lime;\\\"><\\/span>Да\",\"en\":\"<span class=\\\"i-color-box\\\" style=\\\"background: lime;\\\"><\\/span>Yes\"}','y',1081),(1082,2319,'{\"ru\":\"<span class=\\\"i-color-box\\\" style=\\\"background: lightgray;\\\"><\\/span>Нет\",\"en\":\"<span class=\\\"i-color-box\\\" style=\\\"background: lightgray;\\\"><\\/span>No\"}','n',1082),(1083,2319,'{\"ru\":\"<span class=\\\"i-color-box\\\" style=\\\"background: lime;\\\"><\\/span>Да\",\"en\":\"<span class=\\\"i-color-box\\\" style=\\\"background: lime;\\\"><\\/span>Yes\"}','y',1083),(1084,2321,'{\"ru\":\"Проектное\",\"en\":\"Custom\"}','p',1084),(1085,2321,'{\"ru\":\"<font color=red>Системное<\\/font>\",\"en\":\"<font color=red>System<\\/font>\"}','s',1085),(1086,2324,'{\"ru\":\"<span class=\\u0022i-color-box\\u0022 style=\\u0022background: lightgray;\\u0022><\\/span>Выключено\",\"en\":\"<span class=\\u0022i-color-box\\u0022 style=\\u0022background: lightgray;\\u0022><\\/span>Turned off\"}','n',1086),(1087,2324,'{\"ru\":\"<span class=\\u0022i-color-box\\u0022 style=\\u0022background: blue;\\u0022><\\/span>Включено\",\"en\":\"<span class=\\u0022i-color-box\\u0022 style=\\u0022background: blue;\\u0022><\\/span>Turned on\"}','y',1087),(1088,2239,'{\"ru\":\"<span class=\\u0022i-color-box\\u0022 style=\\u0022background: lightgray; border: 3px solid blue;\\u0022><\\/span>В очереди на включение\",\"en\":\"<span class=\\u0022i-color-box\\u0022 style=\\u0022background: lightgray; border: 3px solid blue;\\u0022><\\/span>Queued for turning on\"}','qy',1013),(1089,2239,'{\"ru\":\"<span class=\\u0022i-color-box\\u0022 style=\\u0022background: blue; border: 3px solid lightgray;\\u0022><\\/span>В очереди на выключение\",\"en\":\"<span class=\\u0022i-color-box\\u0022 style=\\u0022background: blue; border: 3px solid lightgray;\\u0022><\\/span>Queued for turning off\"}','qn',1089),(1090,2325,'{\"ru\":\"Ничего\",\"en\":\"Nothing\"}','noth',1090),(1091,2325,'{\"ru\":\"Чтото\",\"en\":\"Least\"}','smth',1091),(1092,2328,'{\"ru\":\"<span class=\\u0022i-color-box\\u0022 style=\\u0022background: lightgray;\\u0022><\\/span>Выключен\",\"en\":\"<span class=\\u0022i-color-box\\u0022 style=\\u0022background: lightgray;\\u0022><\\/span>Turned off\"}','n',1092),(1093,2328,'{\"ru\":\"<span class=\\u0022i-color-box\\u0022 style=\\u0022background: lightgray; border: 3px solid blue;\\u0022><\\/span>В очереди на включение\",\"en\":\"<span class=\\u0022i-color-box\\u0022 style=\\u0022background: lightgray; border: 3px solid blue;\\u0022><\\/span>Queued for turning on\"}','qy',1093),(1094,2328,'{\"ru\":\"<span class=\\u0022i-color-box\\u0022 style=\\u0022background: blue;\\u0022><\\/span>Включен\",\"en\":\"<span class=\\u0022i-color-box\\u0022 style=\\u0022background: blue;\\u0022><\\/span>Turned on\"}','y',1094),(1095,2328,'{\"ru\":\"<span class=\\u0022i-color-box\\u0022 style=\\u0022background: blue; border: 3px solid lightgray;\\u0022><\\/span>В очереди на выключение\",\"en\":\"<span class=\\u0022i-color-box\\u0022 style=\\u0022background: blue; border: 3px solid lightgray;\\u0022><\\/span>Queued for turning off\"}','qn',1095),(1096,2329,'{\"ru\":\"<span class=\\u0022i-color-box\\u0022 style=\\u0022background: lightgray;\\u0022><\\/span>Выключен\",\"en\":\"<span class=\\u0022i-color-box\\u0022 style=\\u0022background: lightgray;\\u0022><\\/span>Turned off\"}','n',1096),(1097,2329,'{\"ru\":\"<span class=\\u0022i-color-box\\u0022 style=\\u0022background: lightgray; border: 3px solid blue;\\u0022><\\/span>В очереди на включение\",\"en\":\"<span class=\\u0022i-color-box\\u0022 style=\\u0022background: lightgray; border: 3px solid blue;\\u0022><\\/span>Queued for turning on\"}','qy',1097),(1098,2329,'{\"ru\":\"<span class=\\u0022i-color-box\\u0022 style=\\u0022background: blue;\\u0022><\\/span>Включен\",\"en\":\"<span class=\\u0022i-color-box\\u0022 style=\\u0022background: blue;\\u0022><\\/span>Turned on\"}','y',1098),(1099,2329,'{\"ru\":\"<span class=\\u0022i-color-box\\u0022 style=\\u0022background: blue; border: 3px solid lightgray;\\u0022><\\/span>В очереди на выключение\",\"en\":\"<span class=\\u0022i-color-box\\u0022 style=\\u0022background: blue; border: 3px solid lightgray;\\u0022><\\/span>Queued for turning off\"}','qn',1099),(1100,2331,'{\"ru\":\"<span class=\\u0022i-color-box\\u0022 style=\\u0022background: lightgray;\\u0022><\\/span>Выключен\",\"en\":\"<span class=\\u0022i-color-box\\u0022 style=\\u0022background: lightgray;\\u0022><\\/span>Turned off\"}','n',1100),(1101,2331,'{\"ru\":\"<span class=\\u0022i-color-box\\u0022 style=\\u0022background: lightgray; border: 3px solid blue;\\u0022><\\/span>В очереди на включение\",\"en\":\"<span class=\\u0022i-color-box\\u0022 style=\\u0022background: lightgray; border: 3px solid blue;\\u0022><\\/span>Queued for turning on\"}','qy',1101),(1102,2331,'{\"ru\":\"<span class=\\u0022i-color-box\\u0022 style=\\u0022background: blue;\\u0022><\\/span>Включен\",\"en\":\"<span class=\\u0022i-color-box\\u0022 style=\\u0022background: blue;\\u0022><\\/span>Turned on\"}','y',1102),(1103,2331,'{\"ru\":\"<span class=\\u0022i-color-box\\u0022 style=\\u0022background: blue; border: 3px solid lightgray;\\u0022><\\/span>В очереди на выключение\",\"en\":\"<span class=\\u0022i-color-box\\u0022 style=\\u0022background: blue; border: 3px solid lightgray;\\u0022><\\/span>Queued for turning off\"}','qn',1103),(1104,2332,'{\"ru\":\"<span class=\\u0022i-color-box\\u0022 style=\\u0022background: lightgray;\\u0022><\\/span>Выключен\",\"en\":\"<span class=\\u0022i-color-box\\u0022 style=\\u0022background: lightgray;\\u0022><\\/span>Turned off\"}','n',1104),(1105,2332,'{\"ru\":\"<span class=\\u0022i-color-box\\u0022 style=\\u0022background: lightgray; border: 3px solid blue;\\u0022><\\/span>В очереди на включение\",\"en\":\"<span class=\\u0022i-color-box\\u0022 style=\\u0022background: lightgray; border: 3px solid blue;\\u0022><\\/span>Queued for turning on\"}','qy',1105),(1106,2332,'{\"ru\":\"<span class=\\u0022i-color-box\\u0022 style=\\u0022background: blue;\\u0022><\\/span>Включен\",\"en\":\"<span class=\\u0022i-color-box\\u0022 style=\\u0022background: blue;\\u0022><\\/span>Turned on\"}','y',1106),(1107,2332,'{\"ru\":\"<span class=\\u0022i-color-box\\u0022 style=\\u0022background: blue; border: 3px solid lightgray;\\u0022><\\/span>В очереди на выключение\",\"en\":\"<span class=\\u0022i-color-box\\u0022 style=\\u0022background: blue; border: 3px solid lightgray;\\u0022><\\/span>Queued for turning off\"}','qn',1107),(1108,2333,'{\"ru\":\"<span class=\\u0022i-color-box\\u0022 style=\\u0022background: lightgray;\\u0022><\\/span>Выключен\",\"en\":\"<span class=\\u0022i-color-box\\u0022 style=\\u0022background: lightgray;\\u0022><\\/span>Turned off\"}','n',1108),(1109,2333,'{\"ru\":\"<span class=\\u0022i-color-box\\u0022 style=\\u0022background: lightgray; border: 3px solid blue;\\u0022><\\/span>В очереди на включение\",\"en\":\"<span class=\\u0022i-color-box\\u0022 style=\\u0022background: lightgray; border: 3px solid blue;\\u0022><\\/span>Queued for turning on\"}','qy',1109),(1110,2333,'{\"ru\":\"<span class=\\u0022i-color-box\\u0022 style=\\u0022background: blue;\\u0022><\\/span>Включен\",\"en\":\"<span class=\\u0022i-color-box\\u0022 style=\\u0022background: blue;\\u0022><\\/span>Turned on\"}','y',1110),(1111,2333,'{\"ru\":\"<span class=\\u0022i-color-box\\u0022 style=\\u0022background: blue; border: 3px solid lightgray;\\u0022><\\/span>В очереди на выключение\",\"en\":\"<span class=\\u0022i-color-box\\u0022 style=\\u0022background: blue; border: 3px solid lightgray;\\u0022><\\/span>Queued for turning off\"}','qn',1111),(1112,2334,'{\"ru\":\"<span class=\\u0022i-color-box\\u0022 style=\\u0022background: lightgray;\\u0022><\\/span>Выключен\",\"en\":\"<span class=\\u0022i-color-box\\u0022 style=\\u0022background: lightgray;\\u0022><\\/span>Turned off\"}','n',1112),(1113,2334,'{\"ru\":\"<span class=\\u0022i-color-box\\u0022 style=\\u0022background: lightgray; border: 3px solid blue;\\u0022><\\/span>В очереди на включение\",\"en\":\"<span class=\\u0022i-color-box\\u0022 style=\\u0022background: lightgray; border: 3px solid blue;\\u0022><\\/span>Queued for turning on\"}','qy',1113),(1114,2334,'{\"ru\":\"<span class=\\u0022i-color-box\\u0022 style=\\u0022background: blue;\\u0022><\\/span>Включен\",\"en\":\"<span class=\\u0022i-color-box\\u0022 style=\\u0022background: blue;\\u0022><\\/span>Turned on\"}','y',1114),(1115,2334,'{\"ru\":\"<span class=\\u0022i-color-box\\u0022 style=\\u0022background: blue; border: 3px solid lightgray;\\u0022><\\/span>В очереди на выключение\",\"en\":\"<span class=\\u0022i-color-box\\u0022 style=\\u0022background: blue; border: 3px solid lightgray;\\u0022><\\/span>Queued for turning off\"}','qn',1115),(1116,2342,'{\"ru\":\"Оценка масштабов\",\"en\":\"Scope assessment\"}','count',1116),(1117,2342,'{\"ru\":\"Создание очереди\",\"en\":\"Queue creation\"}','items',1117),(1118,2342,'{\"ru\":\"Процессинг очереди\",\"en\":\"Queue processing\"}','queue',1118),(1119,2342,'{\"ru\":\"Применение результатов\",\"en\":\"Application of results\"}','apply',1119),(1120,2343,'{\"ru\":\"Ожидание\",\"en\":\"Waiting\"}','waiting',1120),(1121,2343,'{\"ru\":\"В работе\",\"en\":\"Progress\"}','progress',1121),(1122,2343,'{\"ru\":\"Завершено\",\"en\":\"Completed\"}','finished',1122),(1123,2346,'{\"ru\":\"Ожидание\",\"en\":\"Waiting\"}','waiting',1123),(1124,2346,'{\"ru\":\"В работе\",\"en\":\"Progress\"}','progress',1124),(1125,2346,'{\"ru\":\"Завершено\",\"en\":\"Completed\"}','finished',1125),(1126,2349,'{\"ru\":\"Ожидание\",\"en\":\"Waiting\"}','waiting',1126),(1127,2349,'{\"ru\":\"В работе\",\"en\":\"Progress\"}','progress',1127),(1128,2349,'{\"ru\":\"Завершено\",\"en\":\"Completed\"}','finished',1128),(1129,2353,'{\"ru\":\"Ожидание\",\"en\":\"Waiting\"}','waiting',1129),(1130,2353,'{\"ru\":\"В работе\",\"en\":\"Progress\"}','progress',1130),(1131,2353,'{\"ru\":\"Завершено\",\"en\":\"Completed\"}','finished',1131),(1132,2353,'{\"ru\":\"Не требуется\",\"en\":\"Not required\"}','noneed',1132),(1133,2356,'{\"ru\":\"Ожидание\",\"en\":\"Waiting\"}','waiting',1133),(1134,2356,'{\"ru\":\"В работе\",\"en\":\"Progress\"}','progress',1134),(1135,2356,'{\"ru\":\"Завершено\",\"en\":\"Completed\"}','finished',1135),(1136,2362,'{\"ru\":\"Ожидание\",\"en\":\"Waiting\"}','waiting',1136),(1137,2362,'{\"ru\":\"В работе\",\"en\":\"Progress\"}','progress',1137),(1138,2362,'{\"ru\":\"Завершено\",\"en\":\"Completed\"}','finished',1138),(1139,2365,'{\"ru\":\"Ожидание\",\"en\":\"Waiting\"}','waiting',1139),(1140,2365,'{\"ru\":\"В работе\",\"en\":\"Progress\"}','progress',1140),(1141,2365,'{\"ru\":\"Завершено\",\"en\":\"Completed\"}','finished',1141),(1142,2368,'{\"ru\":\"Ожидание\",\"en\":\"Waiting\"}','waiting',1142),(1143,2368,'{\"ru\":\"В работе\",\"en\":\"Progress\"}','progress',1143),(1144,2368,'{\"ru\":\"Завершено\",\"en\":\"Completed\"}','finished',1144),(1145,2368,'{\"ru\":\"Не требуется\",\"en\":\"Not required\"}','noneed',1145),(1146,2371,'{\"ru\":\"Ожидание\",\"en\":\"Waiting\"}','waiting',1146),(1147,2371,'{\"ru\":\"В работе\",\"en\":\"Progress\"}','progress',1147),(1148,2371,'{\"ru\":\"Завершено\",\"en\":\"Completed\"}','finished',1148),(1149,2378,'{\"ru\":\"Добавлен\",\"en\":\"Added\"}','items',1149),(1150,2378,'{\"ru\":\"Обработан\",\"en\":\"Processed\"}','queue',1150),(1151,2378,'{\"ru\":\"Применен\",\"en\":\"Applied\"}','apply',1151),(1152,2381,'{\"ru\":\"Не указана\",\"en\":\"Not specified\"}','none',1152),(1153,2381,'{\"ru\":\"AdminSystemUi\",\"en\":\"AdminSystemUi\"}','adminSystemUi',1153),(1154,2381,'{\"ru\":\"AdminCustomUi\",\"en\":\"AdminCustomUi\"}','adminCustomUi',1154),(1155,2381,'{\"ru\":\"AdminCustomData\",\"en\":\"AdminCustomData\"}','adminCustomData',1155),(1156,2384,'{\"ru\":\"Проектная\",\"en\":\"Custom\"}','p',1156),(1158,2386,'{\"ru\":\"<span class=\\u0022i-color-box\\u0022 style=\\u0022background: lightgray;\\u0022><\\/span>Выключена\",\"en\":\"<span class=\\u0022i-color-box\\u0022 style=\\u0022background: lightgray;\\u0022><\\/span>Turned off\"}','n',1158),(1157,2384,'{\"ru\":\"<font color=red>Системная<\\/font>\",\"en\":\"<font color=red>System<\\/font>\"}','s',1157),(1159,2386,'{\"ru\":\"<span class=\\u0022i-color-box\\u0022 style=\\u0022background: lightgray; border: 3px solid blue;\\u0022><\\/span>В очереди на включение\",\"en\":\"<span class=\\u0022i-color-box\\u0022 style=\\u0022background: lightgray; border: 3px solid blue;\\u0022><\\/span>Queued for turning on\"}','qy',1159),(1160,2386,'{\"ru\":\"<span class=\\u0022i-color-box\\u0022 style=\\u0022background: blue;\\u0022><\\/span>Включена\",\"en\":\"<span class=\\u0022i-color-box\\u0022 style=\\u0022background: blue;\\u0022><\\/span>Turned on\"}','y',1160),(1161,2386,'{\"ru\":\"<span class=\\u0022i-color-box\\u0022 style=\\u0022background: blue; border: 3px solid lightgray;\\u0022><\\/span>В очереди на выключение\",\"en\":\"<span class=\\u0022i-color-box\\u0022 style=\\u0022background: blue; border: 3px solid lightgray;\\u0022><\\/span>Queued for turning off\"}','qn',1161),(1169,2397,'{\"ru\":\"Сессия\",\"en\":\"Session\"}','session',1169),(1170,2397,'{\"ru\":\"Вкладка\",\"en\":\"Tab\"}','channel',1170),(1171,2397,'{\"ru\":\"Контекст\",\"en\":\"Context\"}','context',1171),(1172,2410,'{\"ru\":\"Не применимо\",\"en\":\"Not applicable\"}','none',1172),(1173,2410,'{\"ru\":\"Набор записей\",\"en\":\"Recordset\"}','rowset',1173),(1174,2410,'{\"ru\":\"Одна запись\",\"en\":\"One entry\"}','row',1174),(1176,1345,'{\"ru\":\"<span class=\\\"i-color-box\\\" style=\\\"background: transparent;\\\"><\\/span>Нет\",\"en\":\"<span class=\\\"i-color-box\\\" style=\\\"background: transparent;\\\"><\\/span>No\"}','0',1176),(1177,1345,'{\"ru\":\"<span class=\\\"i-color-box\\\" style=\\\"background: url(resources\\/images\\/icons\\/btn-icon-create-deny.png);\\\"><\\/span>Да\",\"en\":\"<span class=\\\"i-color-box\\\" style=\\\"background: url(resources\\/images\\/icons\\/btn-icon-create-deny.png);\\\"><\\/span>Yes\"}','1',1177),(1178,2312,'{\"ru\":\"<span class=\\\"i-color-box\\\" style=\\\"background: url(resources\\/images\\/icons\\/btn-icon-single-select.png);\\\"><\\/span>Нет\",\"en\":\"<span class=\\\"i-color-box\\\" style=\\\"background: url(resources\\/images\\/icons\\/btn-icon-single-select.png);\\\"><\\/span>No\"}','0',1178),(1179,2312,'{\"ru\":\"<span class=\\\"i-color-box\\\" style=\\\"background: url(resources\\/images\\/icons\\/btn-icon-multi-select.png);\\\"><\\/span>Да\",\"en\":\"<span class=\\\"i-color-box\\\" style=\\\"background: url(resources\\/images\\/icons\\/btn-icon-multi-select.png);\\\"><\\/span>Yes\"}','1',1179),(1180,2310,'{\"ru\":\"<span class=\\\"i-color-box\\\" style=\\\"background: transparent;\\\"><\\/span>Нет\",\"en\":\"<span class=\\\"i-color-box\\\" style=\\\"background: transparent;\\\"><\\/span>No\"}','0',1180),(1181,2310,'{\"ru\":\"<span class=\\\"i-color-box\\\" style=\\\"background: url(resources\\/images\\/icons\\/btn-icon-numberer.png);\\\"><\\/span>Да\",\"en\":\"<span class=\\\"i-color-box\\\" style=\\\"background: url(resources\\/images\\/icons\\/btn-icon-numberer.png);\\\"><\\/span>Yes\"}','1',1181),(1182,2100,'{\"ru\":\"Нет\",\"en\":\"No\"}','0',1182),(1183,2100,'{\"ru\":\"Да\",\"en\":\"Yes\"}','1',1183),(1184,2432,'{\"ru\":\"<span class=\\\"i-color-box\\\" style=\\\"background: lightgray;\\\"><\\/span>Нет\",\"en\":\"<span class=\\\"i-color-box\\\" style=\\\"background: lightgray;\\\"><\\/span>No\"}','n',1184),(1185,2432,'{\"ru\":\"<span class=\\\"i-color-box\\\" style=\\\"background: blue;\\\"><\\/span> Да\",\"en\":\"<span class=\\\"i-color-box\\\" style=\\\"background: blue;\\\"><\\/span>Yes\"}','y',1185),(1186,2451,'Месяц','month',1186),(1187,2451,'День недели','week',1187),(1188,2465,'Нет','none',1188),(1189,2465,'Email','email',1189),(1190,2465,'URL','url',1190),(1191,2478,'Месяц','month',1191),(1192,2478,'День недели','week',1192);
/*!40000 ALTER TABLE `enumset` ENABLE KEYS */;
UNLOCK TABLES;

--
-- Table structure for table `faction`
--

DROP TABLE IF EXISTS `faction`;
/*!40101 SET @saved_cs_client     = @@character_set_client */;
/*!40101 SET character_set_client = utf8 */;
CREATE TABLE `faction` (
  `id` int(11) NOT NULL AUTO_INCREMENT,
  `title` varchar(255) NOT NULL DEFAULT '',
  `alias` varchar(255) NOT NULL DEFAULT '',
  `maintenance` enum('r','rs','n') NOT NULL DEFAULT 'r',
  `type` enum('o','s','p') NOT NULL DEFAULT 'p',
  PRIMARY KEY (`id`),
  KEY `maintenance` (`maintenance`),
  KEY `type` (`type`)
) ENGINE=MyISAM AUTO_INCREMENT=43 DEFAULT CHARSET=utf8;
/*!40101 SET character_set_client = @saved_cs_client */;

--
-- Dumping data for table `faction`
--

LOCK TABLES `faction` WRITE;
/*!40000 ALTER TABLE `faction` DISABLE KEYS */;
INSERT INTO `faction` VALUES (1,'По умолчанию','index','rs','s'),(2,'Просмотр','details','r','s'),(3,'Изменить','form','r','s'),(5,'Добавить','create','n','s'),(6,'Активация аккаунта','activation','n','o'),(36,'Регистрация','registration','n','o'),(37,'Восстановление доступа','changepasswd','n','o');
/*!40000 ALTER TABLE `faction` ENABLE KEYS */;
UNLOCK TABLES;

--
-- Table structure for table `feedback`
--

DROP TABLE IF EXISTS `feedback`;
/*!40101 SET @saved_cs_client     = @@character_set_client */;
/*!40101 SET character_set_client = utf8 */;
CREATE TABLE `feedback` (
  `id` int(11) NOT NULL AUTO_INCREMENT,
  `title` varchar(255) NOT NULL DEFAULT '',
  `email` varchar(255) NOT NULL DEFAULT '',
  `message` text NOT NULL,
  `date` datetime NOT NULL DEFAULT '0000-00-00 00:00:00',
  PRIMARY KEY (`id`),
  FULLTEXT KEY `message` (`message`)
) ENGINE=MyISAM AUTO_INCREMENT=41 DEFAULT CHARSET=utf8;
/*!40101 SET character_set_client = @saved_cs_client */;

--
-- Dumping data for table `feedback`
--

LOCK TABLES `feedback` WRITE;
/*!40000 ALTER TABLE `feedback` DISABLE KEYS */;
/*!40000 ALTER TABLE `feedback` ENABLE KEYS */;
UNLOCK TABLES;

--
-- Table structure for table `field`
--

DROP TABLE IF EXISTS `field`;
/*!40101 SET @saved_cs_client     = @@character_set_client */;
/*!40101 SET character_set_client = utf8 */;
CREATE TABLE `field` (
  `id` int(11) NOT NULL AUTO_INCREMENT,
  `entityId` int(11) NOT NULL DEFAULT '0',
  `title` varchar(255) NOT NULL DEFAULT '',
  `alias` varchar(255) NOT NULL DEFAULT '',
  `columnTypeId` int(11) NOT NULL DEFAULT '0',
  `elementId` int(11) NOT NULL DEFAULT '0',
  `defaultValue` varchar(255) NOT NULL DEFAULT '',
  `move` int(11) NOT NULL DEFAULT '0',
  `relation` int(11) NOT NULL DEFAULT '0',
  `storeRelationAbility` enum('none','many','one') NOT NULL DEFAULT 'none',
  `filter` varchar(255) NOT NULL DEFAULT '',
  `mode` enum('regular','required','readonly','hidden') NOT NULL DEFAULT 'regular',
  `tooltip` text NOT NULL,
  `l10n` enum('n','qy','y','qn') NOT NULL DEFAULT 'n',
  `entry` int(11) NOT NULL DEFAULT '0',
  PRIMARY KEY (`id`),
  KEY `entityId` (`entityId`),
  KEY `columnTypeId` (`columnTypeId`),
  KEY `elementId` (`elementId`),
  KEY `relation` (`relation`),
  KEY `storeRelationAbility` (`storeRelationAbility`),
  KEY `mode` (`mode`),
  KEY `l10n` (`l10n`),
  KEY `entry` (`entry`),
  FULLTEXT KEY `tooltip` (`tooltip`)
) ENGINE=MyISAM AUTO_INCREMENT=2479 DEFAULT CHARSET=utf8;
/*!40101 SET character_set_client = @saved_cs_client */;

--
-- Dumping data for table `field`
--

LOCK TABLES `field` WRITE;
/*!40000 ALTER TABLE `field` DISABLE KEYS */;
INSERT INTO `field` VALUES (1,1,'Наименование','title',4,1,'',1,0,'none','','required','','y',0),(2,1,'Тип столбца MySQL','type',1,1,'',2,0,'none','','required','','n',0),(3,1,'Можно хранить ключи','canStoreRelation',10,5,'n',3,6,'one','','regular','','y',0),(4,2,'Наименование','title',4,1,'',4,0,'none','','required','','y',0),(5,2,'Таблица БД','table',1,1,'',5,0,'none','','required','','n',0),(6,5,'Сущность','entityId',3,23,'0',6,2,'one','','readonly','','n',0),(2413,5,'Внешние ключи','fk',0,16,'',10,0,'none','','regular','','n',0),(7,5,'Наименование','title',1,1,'',8,0,'none','','required','','n',0),(8,5,'Псевдоним','alias',1,1,'',9,0,'none','','required','','n',0),(2420,195,'Доступ','accesss',0,16,'',2204,0,'none','','regular','','n',0),(9,5,'Тип столбца MySQL','columnTypeId',3,23,'0',2412,1,'one','','regular','','n',0),(10,5,'Элемент управления','elementId',3,23,'0',414,4,'one','','required','','n',0),(11,5,'Значение по умолчанию','defaultValue',1,1,'',2413,0,'none','','regular','','n',0),(12,5,'Ключи какой сущности','relation',3,23,'0',12,2,'one','','regular','','n',0),(14,5,'Порядок','move',3,4,'0',2435,0,'none','','regular','','n',0),(15,6,'Поле','fieldId',3,23,'0',15,5,'one','','readonly','','n',0),(16,6,'Наименование','title',4,1,'',16,0,'none','','required','','n',0),(17,6,'Псевдоним','alias',1,1,'',17,0,'none','','required','','n',0),(18,3,'Вышестоящий раздел','sectionId',3,23,'0',22,3,'one','','regular','','n',0),(19,3,'Сущность','entityId',3,23,'0',514,2,'one','','regular','','n',0),(2304,9,'Внизу','summaryType',10,23,'none',2308,6,'one','','regular','','y',0),(2198,195,'Непустой результат','consistence',12,9,'1',2419,0,'none','','regular','','n',0),(20,3,'Наименование','title',4,1,'',18,0,'none','','required','','y',0),(21,3,'Контроллер','alias',1,1,'',19,0,'none','','required','','n',0),(22,3,'Статус','toggle',10,23,'y',20,6,'one','','regular','','y',0),(23,3,'Порядок','move',3,4,'',1278,0,'none','','regular','','n',0),(25,3,'Количество записей на странице','rowsOnPage',3,1,'25',2310,0,'none','','regular','','n',0),(26,8,'Раздел','sectionId',3,23,'',1,3,'one','','readonly','','n',0),(27,8,'Действие','actionId',3,23,'',1,7,'one','','required','','n',0),(28,8,'Доступ','profileIds',1,7,'14',1,10,'many','','regular','','n',0),(2428,3,'Записи','store',0,16,'',2429,0,'none','','hidden','','n',0),(29,8,'Статус','toggle',10,23,'y',1,6,'one','','regular','','y',0),(30,8,'Порядок','move',3,4,'',1,0,'none','','regular','','n',0),(31,7,'Наименование','title',4,1,'',26,0,'none','','required','','y',0),(32,7,'Псевдоним','alias',1,1,'',27,0,'none','','required','','n',0),(33,9,'Раздел','sectionId',3,23,'',28,3,'one','','readonly','','n',0),(34,9,'Поле','fieldId',3,23,'',29,5,'one','','required','','n',0),(35,9,'Порядок','move',3,4,'',2165,0,'none','','regular','','n',0),(36,10,'Наименование','title',4,1,'',31,0,'none','','required','','y',0),(37,10,'Статус','toggle',10,23,'y',1271,6,'one','','regular','','y',0),(38,11,'Роль','profileId',3,23,'',33,10,'one','','readonly','','n',0),(39,11,'Имя','title',4,1,'',34,0,'none','','required','','y',0),(40,11,'Логин','email',1,1,'',35,0,'none','','required','','n',0),(41,11,'Пароль','password',1,1,'',36,0,'none','','required','','n',0),(42,11,'Статус','toggle',10,23,'y',37,6,'one','','regular','','y',0),(64,4,'Наименование','title',4,1,'',53,0,'none','','required','','y',0),(65,4,'Псевдоним','alias',1,1,'',2456,0,'none','','required','','n',0),(66,4,'Совместимость с внешними ключами','storeRelationAbility',11,23,'none',2457,6,'many','','regular','','y',0),(1445,195,'Статус','toggle',10,23,'y',2184,6,'one','','regular','','y',0),(92,4,'Не отображать в формах','hidden',12,9,'0',2460,0,'none','','regular','','n',0),(106,20,'Поле','fieldId',3,23,'0',86,5,'one','','required','','n',0),(107,20,'Наименование','title',4,1,'',87,0,'none','','required','','y',0),(108,20,'Псевдоним','alias',1,1,'',88,0,'none','','required','','n',0),(109,20,'Ширина','masterDimensionValue',3,18,'0',91,0,'none','','regular','','n',0),(110,20,'Высота','slaveDimensionValue',3,18,'0',93,0,'none','','regular','','n',0),(111,20,'Размер','proportions',10,5,'o',89,6,'one','','regular','','y',0),(112,20,'Ограничить пропорциональную <span id=\"slaveDimensionTitle\">высоту</span>','slaveDimensionLimitation',12,9,'1',92,0,'none','','regular','','n',0),(114,20,'При расчете пропорций отталкиваться от','masterDimensionAlias',10,5,'width',90,6,'one','','regular','','y',0),(131,25,'Наименование','title',1,1,'',101,0,'none','','required','','n',0),(133,25,'Псевдоним','alias',1,1,'',102,0,'none','','required','','n',0),(137,25,'Статус','toggle',10,5,'y',2208,6,'one','','regular','','n',0),(345,7,'Нужно выбрать запись','rowRequired',10,5,'y',308,6,'one','','regular','','y',0),(377,6,'Порядок','move',3,4,'0',338,0,'none','','regular','','n',0),(470,5,'Хранит ключи','storeRelationAbility',10,23,'none',11,6,'one','','regular','','y',0),(2475,4,'Максимальная длина в символах','maxlength',3,18,'0',2473,0,'none','','regular','','n',1),(2474,4,'Во всю ширину','wide',12,9,'0',2462,0,'none','','regular','','n',23),(2473,4,'Заголовочное поле','titleColumn',3,23,'0',2463,5,'one','','regular','','n',23),(475,1,'Совместимые элементы управления','elementId',1,23,'',433,4,'many','','required','','n',0),(476,91,'Поле','fieldId',3,23,'0',434,5,'one','','required','','n',0),(2472,4,'Формат отображения','displayFormat',1,1,'H:i',2476,0,'none','','regular','','n',17),(2470,4,'Во всю ширину','wide',12,9,'0',2475,0,'none','','regular','','n',6),(502,3,'PHP','extendsPhp',1,1,'Indi_Controller_Admin',461,0,'none','','regular','Родительский класс PHP','n',0),(2309,3,'JS','extendsJs',1,1,'Indi.lib.controller.Controller',443,0,'none','','regular','Родительский класс JS','n',0),(503,3,'Сортировка','defaultSortField',3,23,'0',2303,5,'one','','regular','','n',0),(2212,8,'Южная панель','south',10,23,'auto',2212,6,'one','','regular','','y',0),(555,2,'Родительский класс PHP','extends',1,1,'Indi_Db_Table',512,0,'none','','required','','n',0),(557,3,'Направление сортировки','defaultSortDirection',10,23,'ASC',2309,6,'one','','regular','','y',0),(559,101,'Наименование','title',1,1,'',517,0,'none','','required','','n',0),(560,101,'Псевдоним','alias',1,1,'',519,0,'none','','required','','n',0),(563,101,'Прикрепленная сущность','entityId',3,23,'0',520,2,'one','','regular','','n',0),(581,101,'Соответствующий раздел бэкенда','sectionId',3,23,'0',534,3,'one','','regular','','n',0),(585,101,'Порядок отображения соответствующего пункта в меню','move',3,4,'0',950,0,'none','','regular','','n',0),(594,20,'Изменить оттенок','changeColor',10,5,'n',545,6,'one','','regular','','y',0),(595,20,'Оттенок','color',13,11,'',546,0,'none','','regular','','n',0),(612,2,'Фракция','system',10,23,'n',559,6,'one','','regular','','y',0),(678,128,'Имя','title',1,1,'',625,0,'none','','required','','n',0),(679,128,'Email','email',1,1,'',626,0,'none','','required','','n',0),(680,128,'Сообщение','message',4,6,'',627,0,'none','','required','','n',0),(681,128,'Дата','date',9,19,'<?=date(\'Y-m-d H:i:s\')?>',628,0,'none','','regular','','n',0),(1364,7,'Фракция','type',10,5,'p',2099,6,'one','','regular','','y',0),(1365,146,'Тип','type',10,5,'p',1293,6,'one','','regular','','n',0),(1444,195,'Порядок','move',3,4,'0',1316,0,'none','','regular','','n',0),(1442,195,'Раздел','sectionId',3,23,'0',1313,3,'one','','readonly','','n',0),(1443,195,'Поле','fieldId',3,23,'0',1314,5,'one','`elementId` NOT IN (4,14,16,20,22)','required','','n',0),(2419,195,'Флаги','flags',0,16,'',2317,0,'none','','regular','','n',0),(1441,2,'Включить в кэш','useCache',12,23,'0',1312,0,'none','','hidden','','n',0),(754,5,'Статическая фильтрация','filter',1,1,'',13,0,'none','','regular','','n',0),(767,3,'Фильтрация через SQL WHERE','filter',1,1,'',2213,0,'none','','regular','','n',0),(857,146,'Наименование','title',1,1,'',803,0,'none','','required','','n',0),(858,146,'Псевдоним','alias',1,1,'',804,0,'none','','required','','n',0),(859,147,'Раздел фронтенда','fsectionId',3,23,'0',805,101,'one','','required','','n',0),(860,147,'Действие','factionId',3,23,'0',806,146,'one','','required','','n',0),(868,101,'Вышестоящий раздел','fsectionId',3,5,'0',516,101,'one','','regular','','n',0),(869,101,'Статическая фильтрация','filter',1,1,'',814,0,'none','','regular','','n',0),(960,101,'Количество строк для отображения по умолчанию','defaultLimit',3,18,'20',951,0,'none','','regular','','n',0),(1366,3,'Фракция','type',10,23,'p',21,6,'one','','regular','','y',0),(1009,101,'По умолчанию сортировка по','orderBy',10,5,'c',952,6,'one','','regular','','n',0),(1010,101,'Столбец сортировки','orderColumn',3,23,'0',953,5,'one','','regular','','n',0),(1011,101,'Направление сортировки','orderDirection',10,5,'ASC',981,6,'one','','regular','','n',0),(1012,101,'SQL-выражение','orderExpression',1,1,'',982,0,'none','','regular','','n',0),(1027,147,'Тип','type',10,5,'r',968,6,'one','','regular','','n',0),(1040,101,'Тип','type',10,5,'r',538,6,'one','','regular','','n',0),(1041,101,'Где брать идентификатор','where',1,1,'',983,0,'none','','regular','','n',0),(1042,101,'Действие по умолчанию','index',1,1,'',1403,0,'none','','regular','','n',0),(1074,146,'Выполнять maintenance()','maintenance',10,5,'r',1015,6,'one','','regular','','n',0),(2414,5,'Элемент управления','el',0,16,'',95,0,'none','','regular','','n',0),(1191,147,'Не указывать действие при создании seo-урлов из системных','blink',12,9,'0',1259,0,'none','','regular','','n',0),(1192,162,'Раздел фронтенда','fsectionId',3,23,'0',1127,101,'one','','required','','n',0),(1193,162,'Действие в разделе фронтенда','fsection2factionId',3,23,'0',1128,147,'one','','required','','n',0),(1194,162,'Компонент','entityId',3,23,'0',1129,2,'one','','required','','n',0),(1195,162,'Очередность','move',3,4,'0',1130,0,'none','','regular','','n',0),(1196,162,'Префикс','prefix',1,1,'',1131,0,'none','','regular','','n',0),(2196,9,'Вышестоящий столбец','gridId',3,23,'0',1738,9,'one','`sectionId` = \"<?=$this->sectionId?>\"','regular','','n',0),(2310,3,'Включить нумерацию записей','rownumberer',10,23,'0',2323,6,'one','','regular','','y',0),(2184,195,'Игнорировать шаблон опций','ignoreTemplate',12,9,'1',2421,0,'none','','regular','','n',0),(2183,195,'Фильтрация','filter',1,1,'',1520,0,'none','','regular','','n',0),(2176,301,'Источник','source',10,23,'section',2176,6,'one','','regular','','n',0),(2177,301,'Сущность','entityId',3,23,'0',2177,2,'one','`id` IN (<?=$this->foreign(\'fsectionId\')->entityRoute(true)?>)','regular','','n',0),(2178,301,'Поле','fieldId',3,23,'0',2178,5,'one','','regular','','n',0),(2179,301,'Префикс','prefix',1,1,'',2179,0,'none','','regular','','n',0),(2180,301,'Постфикс','postfix',1,1,'',2180,0,'none','','regular','','n',0),(2181,301,'Порядок отображения','move',3,4,'0',2181,0,'none','','regular','','n',0),(2182,195,'Значение по умолчанию','defaultValue',1,1,'',2167,0,'none','','regular','','n',0),(1325,147,'Переименовать действие при генерации seo-урла','rename',12,9,'0',1260,0,'none','','regular','','n',0),(1326,147,'Псевдоним','alias',1,1,'',1261,0,'none','','regular','','n',0),(1327,147,'Настройки SEO','seoSettings',0,16,'',1126,0,'none','','regular','','n',0),(1337,10,'Сущность пользователей','entityId',3,23,'11',2131,2,'one','`system`= \"n\"','regular','','n',0),(2422,9,'Доступ','accesss',0,16,'',2315,0,'none','','regular','','n',0),(1341,171,'Раздел','sectionId',3,23,'0',1275,3,'one','','readonly','','n',0),(1342,171,'Поле','fieldId',3,23,'0',1276,5,'one','','required','','n',0),(2251,171,'Изменить свойства','alter',0,16,'',2250,0,'none','','regular','','n',0),(1345,3,'Запретить создание новых записей','disableAdd',10,23,'0',2211,6,'one','','regular','','y',0),(1509,204,'Ширина','detailsHtmlWidth',3,18,'0',1383,0,'none','','regular','','n',0),(1532,171,'Значение по умолчанию','defaultValue',1,1,'',2424,0,'none','','regular','','n',0),(1485,204,'Наименование','title',1,1,'',1356,0,'none','','required','','n',0),(1486,204,'Псевдоним','alias',1,1,'',1357,0,'none','','required','','n',0),(1487,204,'Значение','detailsHtml',4,13,'',1382,0,'none','','regular','','n',0),(1488,204,'Статус','toggle',10,5,'y',1358,6,'one','','regular','','n',0),(1489,205,'Вышестояший пункт','menuId',3,23,'0',1359,205,'one','','regular','','n',0),(1490,205,'Наименование','title',1,1,'',1360,0,'none','','required','','n',0),(1491,205,'Связан со статической страницей','linked',10,5,'n',1361,6,'one','','regular','','n',0),(1492,205,'Статическая страница','staticpageId',3,23,'0',1362,25,'one','','regular','','n',0),(1493,205,'Ссылка','url',1,1,'',1363,0,'none','','regular','','n',0),(1494,205,'Статус','toggle',10,23,'y',1364,6,'one','','regular','','n',0),(1495,205,'Отображать в нижнем меню','bottom',10,5,'y',1365,6,'one','','regular','','n',0),(1496,205,'Порядок отображения','move',3,4,'0',1366,0,'none','','regular','','n',0),(1814,25,'Контент','details',4,13,'',1667,0,'none','','regular','','n',0),(1510,204,'Контент','detailsSpan',0,16,'',1379,0,'none','','regular','','n',0),(1511,204,'Высота','detailsHtmlHeight',3,18,'200',1384,0,'none','','regular','','n',0),(1513,204,'Css класс для body','detailsHtmlBodyClass',1,1,'',1385,0,'none','','regular','','n',0),(1514,204,'Css стили','detailsHtmlStyle',4,6,'',1386,0,'none','','regular','','n',0),(1515,204,'Тип','type',10,5,'html',1380,6,'one','','regular','','n',0),(1516,204,'Значение','detailsString',1,1,'',1387,0,'none','','regular','','n',0),(1517,204,'Значение','detailsTextarea',4,6,'',1557,0,'none','','regular','','n',0),(2173,301,'Тип компонента','type',10,23,'static',2173,6,'one','','regular','','n',0),(2174,301,'Указанный вручную','content',1,1,'',2174,0,'none','','regular','','n',0),(2175,301,'Шагов вверх','up',3,18,'0',2175,0,'none','','regular','','n',0),(2172,301,'Тэг','tag',10,23,'title',2172,6,'one','','regular','','n',0),(2171,301,'Действие','fsection2factionId',3,23,'0',2171,147,'one','','required','','n',0),(2170,301,'Раздел','fsectionId',3,23,'0',2170,101,'one','','required','','n',0),(1533,101,'Статус','toggle',10,5,'y',1429,6,'one','','regular','','n',0),(1554,3,'Связь с вышестоящим разделом по полю','parentSectionConnector',3,23,'0',1277,5,'one','`storeRelationAbility`!=\"none\"','regular','','n',0),(1560,101,'Связь с вышестоящим разделом по полю','parentSectionConnector',3,23,'0',815,5,'one','','regular','','n',0),(1562,101,'От какого класса наследовать класс контроллера','extends',1,1,'',1431,0,'none','','regular','','n',0),(2412,5,'MySQL','mysql',0,16,'',523,0,'none','','regular','','n',0),(1658,195,'Переименовать','alt',1,1,'',2198,0,'none','','regular','','n',0),(2132,10,'Порядок','move',3,4,'0',2215,0,'none','','regular','','n',0),(1886,9,'Переименовать','alterTitle',1,1,'',2210,0,'none','','regular','','n',0),(2100,7,'Отображать в панели действий','display',10,23,'1',2100,6,'one','','regular','','y',0),(2131,10,'Дэшборд','dashboard',1,1,'',2132,0,'none','','regular','','n',0),(2159,9,'Статус','toggle',10,23,'y',2205,6,'one','','regular','','y',0),(2161,171,'Режим','mode',10,23,'inherit',2252,6,'one','','regular','','y',0),(2166,91,'Auto title','title',1,1,'',2166,0,'none','','hidden','','n',0),(2163,2,'Заголовочное поле','titleFieldId',3,23,'0',2163,5,'one','`entityId` = \"<?=$this->id?>\" AND `columnTypeId` != \"0\"','regular','','n',0),(2164,8,'Auto title','title',4,1,'',2164,0,'none','','hidden','','y',0),(2165,9,'Auto title','title',1,1,'',2196,0,'none','','hidden','','n',0),(2167,195,'Auto title','title',1,1,'',2182,0,'none','','hidden','','n',0),(2168,147,'Auto title','title',1,1,'',2242,0,'none','','hidden','','n',0),(2169,171,'Auto title','title',1,1,'',1402,0,'none','','hidden','','n',0),(2197,5,'Режим','mode',10,23,'regular',413,6,'one','','regular','','y',0),(2199,5,'Подсказка','tooltip',4,6,'',428,0,'none','','regular','','n',0),(2200,9,'Подсказка','tooltip',4,6,'',2304,0,'none','','regular','','n',0),(2203,195,'Доступ','access',10,23,'all',2311,6,'one','','regular','','y',0),(2202,7,'Статус','toggle',10,23,'y',2202,6,'one','','regular','','y',0),(2204,195,'Кроме','profileIds',1,7,'',2314,10,'many','','regular','','n',0),(2205,9,'Доступ','access',10,23,'all',2422,6,'one','','regular','','y',0),(2206,9,'Кроме','profileIds',1,7,'',2423,10,'many','','regular','','n',0),(2207,171,'Влияние','impact',10,23,'all',2169,6,'one','','regular','','y',0),(2208,25,'Родительская страница','staticpageId',3,23,'0',1666,25,'one','','regular','','n',0),(2209,8,'Переименовать','rename',4,1,'',2209,0,'none','','regular','','y',0),(2210,9,'Редактор','editor',10,23,'0',2206,6,'one','','regular','','y',0),(2211,3,'Группировка','groupBy',3,23,'0',2425,5,'one','','regular','','n',0),(2213,3,'Режим подгрузки','rowsetSeparate',10,23,'auto',2302,6,'one','','regular','','y',0),(2214,8,'Автосайз окна','fitWindow',10,23,'auto',2214,6,'one','','regular','','y',0),(2215,10,'Максимальное количество окон','maxWindows',3,18,'15',2319,0,'none','','regular','','n',0),(2270,309,'Заголовок','tplDecSubj',4,1,'',2271,0,'none','','regular','','y',0),(2269,309,'Текст','tplIncBody',4,6,'',2270,0,'none','','regular','','y',0),(2268,309,'Заголовок','tplIncSubj',4,1,'',2269,0,'none','','regular','','y',0),(2267,309,'Назначение','tplFor',10,23,'inc',2268,6,'one','','regular','','y',0),(2266,309,'Сообщение','tpl',0,16,'',2267,0,'none','','regular','','n',0),(2263,309,'Цвет фона','bg',13,11,'212#d9e5f3',2264,0,'none','','regular','','n',0),(2264,309,'Цвет текста','fg',13,11,'216#044099',2265,0,'none','','regular','','n',0),(2265,309,'Подсказка','tooltip',4,6,'',2266,0,'none','','regular','','y',0),(2262,309,'Пункты меню','sectionId',1,23,'',2263,3,'many','FIND_IN_SET(`sectionId`, \"<?=m(\'Section\')->fetchAll(\'`sectionId` = \"0\"\')->column(\'id\', true)?>\")','regular','','n',0),(2255,309,'Сущность','entityId',3,23,'0',2256,2,'one','','required','','n',0),(2256,309,'Событие / PHP','event',1,1,'',2257,0,'none','','regular','','n',0),(2257,309,'Получатели','profileId',1,23,'',2258,10,'many','','required','','n',0),(2258,309,'Статус','toggle',10,23,'y',2259,6,'one','','regular','','y',0),(2259,309,'Счетчик','qty',0,16,'',2260,0,'none','','regular','','n',0),(2260,309,'Отображение / SQL','qtySql',1,1,'',2261,0,'none','','required','','n',0),(2261,309,'Направление изменения','qtyDiffRelyOn',10,23,'event',2262,6,'one','','regular','','y',0),(2254,309,'Наименование','title',4,1,'',2254,0,'none','','required','','y',0),(2236,307,'Наименование','title',1,1,'',2236,0,'none','','required','','n',0),(2237,307,'Ключ','alias',1,1,'',2237,0,'none','','required','','n',0),(2238,307,'Статус','toggle',10,23,'y',2238,6,'one','','regular','','y',0),(2239,5,'Мультиязычность','l10n',10,23,'n',2414,6,'one','','regular','','y',0),(2240,147,'Разрешено не передавать id в uri','allowNoid',12,9,'0',2168,0,'none','','regular','','n',0),(2241,147,'Над записью','row',10,5,'existing',2240,6,'one','','regular','','n',0),(2242,147,'Где брать идентификатор','where',1,1,'',2241,0,'none','','regular','','n',0),(2243,2,'Паттерн комплекта календарных полей','spaceScheme',10,23,'none',2243,6,'one','','regular','','y',0),(2244,2,'Комплект календарных полей','spaceFields',1,23,'',2244,5,'many','`entityId` = \"<?=$this->id?>\"','regular','','n',0),(2245,308,'Сущность','entityId',3,23,'0',2245,2,'one','','hidden','','n',0),(2246,308,'Поле','fieldId',3,23,'0',2246,5,'one','','readonly','','n',0),(2247,308,'От какого поля зависит','consider',3,23,'0',2247,5,'one','`id` != \"<?=$this->fieldId?>\" AND `columnTypeId` != \"0\"','required','','n',0),(2248,308,'Поле по ключу','foreign',3,23,'0',2248,5,'one','','regular','','n',0),(2249,308,'Auto title','title',1,1,'',2249,0,'none','','hidden','','n',0),(2250,171,'Кроме','profileIds',1,7,'',2207,10,'many','','regular','','n',0),(2252,171,'Наименование','rename',1,1,'',2251,0,'none','','regular','','n',0),(2424,171,'Влияние','impactt',0,16,'',2134,0,'none','','regular','','n',0),(2271,309,'Текст','tplDecBody',4,6,'',2272,0,'none','','regular','','y',0),(2272,309,'Заголовок','tplEvtSubj',4,1,'',2273,0,'none','','regular','','y',0),(2273,309,'Сообщение','tplEvtBody',4,6,'',2321,0,'none','','regular','','y',0),(2274,310,'Уведомление','noticeId',3,23,'0',2275,309,'one','','readonly','','n',0),(2275,310,'Роль','profileId',3,23,'0',2276,10,'one','','readonly','','n',0),(2276,310,'Критерий','criteriaRelyOn',10,5,'event',2277,6,'one','','regular','','y',0),(2277,310,'Общий','criteriaEvt',1,1,'',2278,0,'none','','regular','','n',0),(2278,310,'Для увеличения','criteriaInc',1,1,'',2279,0,'none','','regular','','n',0),(2279,310,'Для уменьшения','criteriaDec',1,1,'',2280,0,'none','','regular','','n',0),(2280,310,'Ауто титле','title',4,1,'',2281,0,'none','','hidden','','y',0),(2281,310,'Дублирование на почту','email',10,23,'n',2282,6,'one','','regular','','y',0),(2282,310,'Дублирование в ВК','vk',10,23,'n',2283,6,'one','','regular','','y',0),(2283,310,'Дублирование по SMS','sms',10,23,'n',2284,6,'one','','regular','','y',0),(2284,310,'Критерий','criteria',1,1,'',2285,0,'none','','hidden','','n',0),(2285,310,'Дублирование на почту','mail',10,23,'n',2316,6,'one','','hidden','','n',0),(2286,311,'Наименование','title',1,1,'',2286,0,'none','','required','','n',0),(2287,312,'Год','yearId',3,23,'0',2287,311,'one','','required','','n',0),(2288,312,'Месяц','month',10,23,'01',2288,6,'one','','regular','','y',0),(2289,312,'Наименование','title',4,1,'',2289,0,'none','','regular','','y',0),(2290,312,'Порядок','move',3,4,'0',2290,0,'none','','regular','','n',0),(2291,313,'Сущность','entityId',3,23,'0',2291,2,'one','','readonly','','n',0),(2292,313,'Объект','key',3,23,'0',2292,0,'one','','readonly','','n',0),(2293,313,'Что изменено','fieldId',3,23,'0',2293,5,'one','`columnTypeId` != \"0\"','readonly','','n',0),(2294,313,'Было','was',4,13,'',2294,0,'none','','readonly','','n',0),(2295,313,'Стало','now',4,13,'',2295,0,'none','','readonly','','n',0),(2296,313,'Когда','datetime',9,19,'0000-00-00 00:00:00',2296,0,'none','','readonly','','n',0),(2297,313,'Месяц','monthId',3,23,'0',2297,312,'one','','readonly','','n',0),(2298,313,'Тип автора','changerType',3,23,'0',2298,2,'one','','readonly','','n',0),(2299,313,'Автор','changerId',3,23,'0',2299,0,'one','','readonly','','n',0),(2300,313,'Роль','profileId',3,23,'0',2300,10,'one','','readonly','','n',0),(2301,3,'Разворачивать пункт меню','expand',10,23,'all',23,6,'one','','regular','','y',0),(2302,3,'Выбранные','expandRoles',1,23,'',25,10,'many','','regular','','n',0),(2303,3,'Доступ','roleIds',1,23,'',2428,10,'many','','hidden','','n',0),(2305,9,'Текст','summaryText',4,1,'',2313,0,'none','','regular','','y',0),(2306,308,'Обязательное','required',10,23,'n',2306,6,'one','','regular','','y',0),(2307,308,'Коннектор','connector',3,23,'0',2307,5,'one','','regular','','n',0),(2308,9,'Группа','group',10,23,'normal',2253,6,'one','','regular','','y',0),(2311,195,'Разрешить сброс','allowClear',12,9,'1',2420,0,'none','','regular','','n',0),(2312,3,'Выделение более одной записи','multiSelect',10,23,'0',2322,6,'one','','regular','','y',0),(2313,9,'Поле по ключу','further',3,23,'0',30,5,'one','','regular','','n',0),(2314,195,'Поле по ключу','further',3,23,'0',1315,5,'one','','regular','','n',0),(2315,9,'Ширина','width',3,18,'0',2305,0,'none','','regular','','n',0),(2316,310,'Статус','toggle',10,23,'y',2274,6,'one','','regular','','y',0),(2317,195,'Подсказка','tooltip',4,6,'',2203,0,'none','','regular','','n',0),(2318,11,'Демо-режим','demo',10,23,'n',2318,6,'one','','regular','','y',0),(2319,10,'Демо-режим','demo',10,23,'n',2384,6,'one','','regular','','y',0),(2320,2,'Группировать файлы','filesGroupBy',3,23,'0',2320,5,'one','`entityId` = \"<?=$this->id?>\" AND `storeRelationAbility` = \"one\"','regular','','n',0),(2321,309,'Тип','type',10,23,'p',2255,6,'one','','regular','','y',0),(2322,3,'Плитка','tileField',3,23,'0',2426,5,'one','`elementId` = \"14\"','regular','','n',0),(2323,3,'Превью','tileThumb',3,23,'0',2427,20,'one','','regular','','n',0),(2324,11,'Правки UI','uiedit',10,23,'n',2324,6,'one','','regular','','y',0),(2325,307,'Состояние','state',10,23,'noth',2325,6,'one','','readonly','','y',0),(2326,307,'Админка','admin',0,16,'',2326,0,'none','','regular','','n',0),(2327,307,'Система','adminSystem',0,16,'',2327,0,'none','','regular','','n',0),(2328,307,'Интерфейс','adminSystemUi',10,5,'n',2328,6,'one','','regular','','y',0),(2329,307,'Константы','adminSystemConst',10,5,'n',2329,6,'one','','regular','','y',0),(2330,307,'Проект','adminCustom',0,16,'',2330,0,'none','','regular','','n',0),(2331,307,'Интерфейс','adminCustomUi',10,5,'n',2331,6,'one','','regular','','y',0),(2332,307,'Константы','adminCustomConst',10,5,'n',2332,6,'one','','regular','','y',0),(2333,307,'Данные','adminCustomData',10,5,'n',2333,6,'one','','regular','','y',0),(2334,307,'Шаблоны','adminCustomTmpl',10,5,'n',2334,6,'one','','regular','','y',0),(2335,307,'Порядок','move',3,4,'0',2335,0,'none','','regular','','n',0),(2336,314,'Задача','title',1,1,'',2336,0,'none','','required','','n',0),(2337,314,'Создана','datetime',9,19,'<?=date(\'Y-m-d H:i:s\')?>',2337,0,'none','','readonly','','n',0),(2338,314,'Параметры','params',4,6,'',2338,0,'none','','regular','','n',0),(2339,314,'Процесс','proc',0,16,'',2339,0,'none','','regular','','n',0),(2340,314,'Начат','procSince',9,19,'0000-00-00 00:00:00',2340,0,'none','','regular','','n',0),(2341,314,'PID','procID',3,18,'0',2341,0,'none','','readonly','','n',0),(2342,314,'Этап','stage',10,23,'count',2342,6,'one','','regular','','y',0),(2343,314,'Статус','state',10,23,'waiting',2343,6,'one','','regular','','y',0),(2344,314,'Сегменты','chunk',3,18,'0',2345,0,'none','','regular','','n',0),(2345,314,'Оценка','count',0,16,'',2346,0,'none','','regular','','n',0),(2346,314,'Статус','countState',10,23,'waiting',2347,6,'one','','readonly','','y',0),(2347,314,'Размер','countSize',3,18,'0',2348,0,'none','','readonly','','n',0),(2348,314,'Создание','items',0,16,'',2349,0,'none','','regular','','n',0),(2349,314,'Статус','itemsState',10,23,'waiting',2350,6,'one','','readonly','','y',0),(2350,314,'Размер','itemsSize',3,18,'0',2351,0,'none','','readonly','','n',0),(2351,314,'Байт','itemsBytes',3,18,'0',2352,0,'none','','regular','','n',0),(2352,314,'Процессинг','queue',0,16,'',2353,0,'none','','regular','','n',0),(2353,314,'Статус','queueState',10,23,'waiting',2354,6,'one','','readonly','','y',0),(2354,314,'Размер','queueSize',3,18,'0',2355,0,'none','','regular','','n',0),(2355,314,'Применение','apply',0,16,'',2356,0,'none','','regular','','n',0),(2356,314,'Статус','applyState',10,23,'waiting',2357,6,'one','','readonly','','y',0),(2357,314,'Размер','applySize',3,18,'0',2382,0,'none','','readonly','','n',0),(2358,315,'Очередь задач','queueTaskId',3,23,'0',2358,314,'one','','regular','','n',0),(2359,315,'Расположение','location',1,1,'',2359,0,'none','','regular','','n',0),(2360,315,'Условие выборки','where',4,6,'',2362,0,'none','','regular','','n',0),(2361,315,'Оценка','count',0,16,'',2363,0,'none','','regular','','n',0),(2362,315,'Статус','countState',10,23,'waiting',2364,6,'one','','readonly','','y',0),(2363,315,'Размер','countSize',3,18,'0',2365,0,'none','','readonly','','n',0),(2364,315,'Создание','items',0,16,'',2366,0,'none','','regular','','n',0),(2365,315,'Статус','itemsState',10,23,'waiting',2367,6,'one','','readonly','','y',0),(2366,315,'Размер','itemsSize',3,18,'0',2368,0,'none','','readonly','','n',0),(2367,315,'Процессинг','queue',0,16,'',2369,0,'none','','regular','','n',0),(2368,315,'Статус','queueState',10,23,'waiting',2371,6,'one','','readonly','','y',0),(2369,315,'Размер','queueSize',3,18,'0',2372,0,'none','','regular','','n',0),(2370,315,'Применение','apply',0,16,'',2379,0,'none','','regular','','n',0),(2371,315,'Статус','applyState',10,23,'waiting',2380,6,'one','','readonly','','y',0),(2372,315,'Размер','applySize',3,18,'0',2381,0,'none','','readonly','','n',0),(2373,316,'Очередь','queueTaskId',3,18,'0',2373,314,'one','','readonly','','n',0),(2374,316,'Сегмент','queueChunkId',3,23,'0',2374,315,'one','','regular','','n',0),(2375,316,'Таргет','target',1,1,'',2375,0,'none','','readonly','','n',0),(2376,316,'Значение','value',4,1,'',2376,0,'none','','readonly','','n',0),(2377,316,'Результат','result',4,13,'',2377,0,'none','','regular','','n',0),(2378,316,'Статус','stage',10,5,'items',2378,6,'one','','regular','','y',0),(2379,315,'Порядок','move',3,4,'0',2383,0,'none','','regular','','n',0),(2380,315,'Родительский сегмент','queueChunkId',3,18,'0',2360,315,'one','','readonly','','n',0),(2381,315,'Фракция','fraction',10,23,'none',2361,6,'one','','regular','','y',0),(2382,314,'Этап - Статус','stageState',4,1,'',2344,0,'none','','hidden','','y',0),(2383,315,'Байт','itemsBytes',3,18,'0',2370,0,'none','','regular','','n',0),(2384,10,'Фракция','type',10,5,'p',32,6,'one','','regular','','y',0),(2385,171,'Элемент','elementId',3,23,'0',2385,4,'one','','regular','','n',0),(2386,8,'Мультиязычность','l10n',10,23,'n',2386,6,'one','','regular','','y',0),(2396,318,'Родительская запись','realtimeId',3,23,'0',2396,318,'one','','regular','','n',0),(2397,318,'Тип','type',10,23,'session',2397,6,'one','','regular','','y',0),(2398,318,'Роль','profileId',3,23,'0',2398,10,'one','','regular','','n',0),(2399,318,'Пользователь','adminId',3,23,'0',2399,0,'one','','regular','','n',0),(2400,318,'Токен','token',1,1,'',2400,0,'none','','regular','','n',0),(2401,318,'Начало','spaceSince',9,19,'<?=date(\'Y-m-d H:i:s\')?>',2401,0,'none','','regular','','n',0),(2402,318,'Конец','spaceUntil',9,19,'0000-00-00 00:00:00',2402,0,'none','','regular','','n',0),(2403,318,'Длительность','spaceFrame',3,18,'0',2403,0,'none','','regular','','n',0),(2404,318,'Язык','langId',3,23,'0',2404,307,'one','','regular','','n',0),(2405,318,'Раздел','sectionId',3,23,'0',2405,3,'one','','regular','','n',0),(2406,318,'Сущность','entityId',3,23,'0',2406,2,'one','','regular','','n',0),(2407,318,'Записи','entries',1,23,'',2407,0,'many','','regular','','n',0),(2408,318,'Поля','fields',4,23,'',2408,5,'many','','regular','','n',0),(2409,318,'Запись','title',1,1,'',2409,0,'none','','hidden','','n',0),(2410,318,'Режим','mode',10,23,'none',2410,6,'one','','regular','','y',0),(2411,318,'Scope','scope',4,6,'',2411,0,'none','','regular','','n',0),(2421,195,'Отображение','display',0,16,'',2183,0,'none','','regular','','n',0),(2423,9,'Отображение','display',0,16,'',2200,0,'none','','regular','','n',0),(2425,3,'Родительские классы','extends',0,16,'',310,0,'none','','regular','','n',0),(2426,3,'Источник записей','data',0,16,'',462,0,'none','','regular','','n',0),(2427,3,'Отображение записей','display',0,16,'',2312,0,'none','','regular','','n',0),(2429,3,'Подгрузка записей','load',0,16,'',2301,0,'none','','regular','','n',0),(2430,3,'Параметры','params',0,16,'',2430,0,'none','','hidden','','n',0),(2432,9,'При изменении ячейки обновлять всю строку','rowReqIfAffected',10,23,'n',2432,6,'one','','regular','','y',0),(2433,91,'Параметр','cfgField',3,23,'0',2433,5,'one','`entityId` = \"4\"','regular','','n',0),(2434,91,'Значение','cfgValue',4,6,'',2434,0,'none','','regular','','n',0),(2435,5,'Экземпляр','entry',3,23,'0',7,0,'one','','regular','','n',0),(2436,4,'Шаблон содержимого опции','optionTemplate',4,6,'',2461,0,'none','','regular','','n',23),(2437,4,'Высота опции','optionHeight',3,18,'14',2464,0,'none','','regular','','n',23),(2438,4,'Плейсхолдер','placeholder',1,1,'',2465,0,'none','','regular','','n',23),(2439,4,'Группировка опций по столбцу','groupBy',3,23,'0',2466,5,'one','','regular','','n',23),(2440,4,'Дополнительно передавать параметры (в виде атрибутов)','optionAttrs',1,23,'',2472,5,'many','','regular','','n',23),(2441,4,'Отключить лукап','noLookup',12,9,'0',2474,0,'none','','regular','','n',23),(2442,4,'Заголовочное поле','titleColumn',3,23,'0',2453,5,'one','','regular','','n',7),(2443,4,'Во всю ширину','wide',12,9,'0',2454,0,'none','','regular','','n',13),(2444,4,'Максимальная длина в символах','maxlength',3,18,'5',2443,0,'none','','regular','','n',18),(2445,4,'Маска','inputMask',1,1,'',2459,0,'none','','regular','','n',1),(2446,4,'Шейдинг','shade',12,9,'0',2458,0,'none','','regular','','n',1),(2447,4,'Обновлять локализации для других языков','refreshL10nsOnUpdate',12,9,'0',2451,0,'none','','regular','','n',6),(2448,4,'Разрешенные теги','allowedTags',1,1,'',2450,0,'none','','regular','','n',6),(2449,4,'Количество столбцов','cols',3,18,'1',2452,0,'none','','regular','','n',7),(2450,4,'Отображаемый формат','displayFormat',1,1,'Y-m-d',2455,0,'none','','regular','','n',12),(2451,4,'Когда','when',11,23,'',2447,6,'many','','regular','','n',19),(2452,4,'Высота в пикселях','height',3,18,'200',2442,0,'none','','regular','','n',13),(2453,4,'Ширина в пикселях','width',3,18,'0',2441,0,'none','','regular','','n',13),(2454,4,'Css класс для body','bodyClass',1,1,'',2440,0,'none','','regular','','n',13),(2455,4,'Путь к css-нику для подцепки редактором','contentsCss',4,6,'',2439,0,'none','','regular','','n',13),(2456,4,'Стили','style',4,6,'',2438,0,'none','','regular','','n',13),(2457,4,'Путь к js-нику для подцепки редактором','contentsJs',4,6,'',2437,0,'none','','regular','','n',13),(2458,4,'Скрипт','script',4,6,'',2436,0,'none','','regular','','n',13),(2459,4,'Скрипт обработки исходного кода','sourceStripper',4,6,'',72,0,'none','','regular','','n',13),(2460,4,'Включать наименование поля в имя файла при загрузке','appendFieldTitle',12,9,'1',54,0,'none','','regular','','n',14),(2461,4,'Включать наименование сущности в имя файла при download-е','prependEntityTitle',12,9,'1',55,0,'none','','regular','','n',14),(2462,4,'Единица измерения','measure',1,1,'',2444,0,'none','','regular','','n',18),(2463,4,'Отображаемый формат времени','displayTimeFormat',1,1,'H:i',2445,0,'none','','regular','','n',19),(2464,4,'Отображаемый формат даты','displayDateFormat',1,1,'Y-m-d',2448,0,'none','','regular','','n',19),(2465,4,'Валидация','vtype',10,23,'none',2449,6,'one','','regular','','n',1),(2466,4,'Допустимые типы','allowTypes',1,1,'',2446,0,'none','','regular','Укажите список расширений и/или группы расширений, через запятую: \r\n- image: gif,png,jpeg,jpg\r\n- office: doc,pdf,docx,xls,xlsx,txt,odt,ppt,pptx\r\n- draw: psd,ai,cdr\r\n- archive: zip,rar,7z,gz,tar','n',14),(2476,4,'Обновлять локализации для других языков','refreshL10nsOnUpdate',12,9,'0',2470,0,'none','','regular','','n',1),(2477,4,'Заголовочное поле','titleColumn',3,23,'0',2477,5,'one','','regular','','n',5),(2478,4,'Когда','when',11,23,'',2478,6,'one','','regular','','n',12);
/*!40000 ALTER TABLE `field` ENABLE KEYS */;
UNLOCK TABLES;

--
-- Table structure for table `fsection`
--

DROP TABLE IF EXISTS `fsection`;
/*!40101 SET @saved_cs_client     = @@character_set_client */;
/*!40101 SET character_set_client = utf8 */;
CREATE TABLE `fsection` (
  `id` int(11) NOT NULL AUTO_INCREMENT,
  `title` varchar(255) NOT NULL DEFAULT '',
  `alias` varchar(255) NOT NULL DEFAULT '',
  `entityId` int(11) NOT NULL DEFAULT '0',
  `sectionId` int(11) NOT NULL DEFAULT '0',
  `move` int(11) NOT NULL DEFAULT '0',
  `fsectionId` int(11) NOT NULL DEFAULT '0',
  `filter` varchar(255) NOT NULL DEFAULT '',
  `defaultLimit` int(11) NOT NULL DEFAULT '20',
  `orderBy` enum('e','c') NOT NULL DEFAULT 'c',
  `orderColumn` int(11) NOT NULL DEFAULT '0',
  `orderDirection` enum('ASC','DESC') NOT NULL DEFAULT 'ASC',
  `orderExpression` varchar(255) NOT NULL DEFAULT '',
  `type` enum('s','r') NOT NULL DEFAULT 'r',
  `where` varchar(255) NOT NULL DEFAULT '',
  `index` varchar(255) NOT NULL DEFAULT '',
  `toggle` enum('n','y') NOT NULL DEFAULT 'y',
  `parentSectionConnector` int(11) NOT NULL DEFAULT '0',
  `extends` varchar(255) NOT NULL DEFAULT '',
  PRIMARY KEY (`id`),
  KEY `entityId` (`entityId`),
  KEY `sectionId` (`sectionId`),
  KEY `fsectionId` (`fsectionId`),
  KEY `type` (`type`),
  KEY `parentSectionConnector` (`parentSectionConnector`),
  KEY `orderBy` (`orderBy`),
  KEY `orderColumn` (`orderColumn`),
  KEY `orderDirection` (`orderDirection`),
  KEY `toggle` (`toggle`)
) ENGINE=MyISAM AUTO_INCREMENT=59 DEFAULT CHARSET=utf8;
/*!40101 SET character_set_client = @saved_cs_client */;

--
-- Dumping data for table `fsection`
--

LOCK TABLES `fsection` WRITE;
/*!40000 ALTER TABLE `fsection` DISABLE KEYS */;
INSERT INTO `fsection` VALUES (37,'Статические страницы','static',25,30,39,0,'',20,'c',0,'ASC','','r','','','y',0,''),(22,'Фидбэк','feedback',128,144,44,0,'',20,'c',0,'ASC','','s','\"\"','add','n',0,''),(39,'Главная','index',25,0,8,0,'',20,'c',0,'ASC','','r','','','y',0,''),(41,'Карта сайта','sitemap',101,113,41,0,'`toggle`=\"y\"',20,'c',585,'ASC','','r','','','y',0,'');
/*!40000 ALTER TABLE `fsection` ENABLE KEYS */;
UNLOCK TABLES;

--
-- Table structure for table `fsection2faction`
--

DROP TABLE IF EXISTS `fsection2faction`;
/*!40101 SET @saved_cs_client     = @@character_set_client */;
/*!40101 SET character_set_client = utf8 */;
CREATE TABLE `fsection2faction` (
  `id` int(11) NOT NULL AUTO_INCREMENT,
  `fsectionId` int(11) NOT NULL DEFAULT '0',
  `factionId` int(11) NOT NULL DEFAULT '0',
  `type` enum('j','r') NOT NULL DEFAULT 'r',
  `blink` tinyint(1) NOT NULL DEFAULT '0',
  `rename` tinyint(1) NOT NULL DEFAULT '0',
  `alias` varchar(255) NOT NULL DEFAULT '',
  `title` varchar(255) NOT NULL DEFAULT '',
  `allowNoid` tinyint(1) NOT NULL DEFAULT '0',
  `row` enum('existing','new','any') NOT NULL DEFAULT 'existing',
  `where` varchar(255) NOT NULL DEFAULT '',
  PRIMARY KEY (`id`),
  KEY `fsectionId` (`fsectionId`),
  KEY `factionId` (`factionId`),
  KEY `type` (`type`),
  KEY `row` (`row`)
) ENGINE=MyISAM AUTO_INCREMENT=130 DEFAULT CHARSET=utf8;
/*!40101 SET character_set_client = @saved_cs_client */;

--
-- Dumping data for table `fsection2faction`
--

LOCK TABLES `fsection2faction` WRITE;
/*!40000 ALTER TABLE `fsection2faction` DISABLE KEYS */;
INSERT INTO `fsection2faction` VALUES (129,22,1,'r',0,0,'','По умолчанию',0,'existing',''),(127,37,2,'r',0,0,'','Просмотр',0,'existing',''),(123,39,1,'r',0,0,'','По умолчанию',0,'existing',''),(128,41,1,'r',0,0,'','По умолчанию',0,'existing','');
/*!40000 ALTER TABLE `fsection2faction` ENABLE KEYS */;
UNLOCK TABLES;

--
-- Table structure for table `grid`
--

DROP TABLE IF EXISTS `grid`;
/*!40101 SET @saved_cs_client     = @@character_set_client */;
/*!40101 SET character_set_client = utf8 */;
CREATE TABLE `grid` (
  `id` int(11) NOT NULL AUTO_INCREMENT,
  `sectionId` int(11) NOT NULL DEFAULT '0',
  `fieldId` int(11) NOT NULL DEFAULT '0',
  `move` int(11) NOT NULL DEFAULT '0',
  `alterTitle` varchar(255) NOT NULL DEFAULT '',
  `toggle` enum('y','n','h','e') NOT NULL DEFAULT 'y',
  `title` varchar(255) NOT NULL DEFAULT '',
  `gridId` int(11) NOT NULL DEFAULT '0',
  `tooltip` text NOT NULL,
  `access` enum('all','only','except') NOT NULL DEFAULT 'all',
  `profileIds` varchar(255) NOT NULL DEFAULT '',
  `editor` enum('0','1') NOT NULL DEFAULT '0',
  `summaryType` enum('none','sum','average','min','max','text') NOT NULL DEFAULT 'none',
  `summaryText` text NOT NULL,
  `group` enum('normal','locked') NOT NULL DEFAULT 'normal',
  `further` int(11) NOT NULL DEFAULT '0',
  `width` int(11) NOT NULL DEFAULT '0',
  `rowReqIfAffected` enum('n','y') NOT NULL DEFAULT 'n',
  PRIMARY KEY (`id`),
  KEY `sectionId` (`sectionId`),
  KEY `fieldId` (`fieldId`),
  KEY `toggle` (`toggle`),
  KEY `gridId` (`gridId`),
  KEY `access` (`access`),
  KEY `profileIds` (`profileIds`),
  KEY `editor` (`editor`),
  KEY `summaryType` (`summaryType`),
  KEY `group` (`group`),
  KEY `further` (`further`),
  KEY `rowReqIfAffected` (`rowReqIfAffected`),
  FULLTEXT KEY `tooltip` (`tooltip`),
  FULLTEXT KEY `summaryText` (`summaryText`)
) ENGINE=MyISAM AUTO_INCREMENT=2706 DEFAULT CHARSET=utf8;
/*!40101 SET character_set_client = @saved_cs_client */;

--
-- Dumping data for table `grid`
--

LOCK TABLES `grid` WRITE;
/*!40000 ALTER TABLE `grid` DISABLE KEYS */;
INSERT INTO `grid` VALUES (1,2,1,1,'','y','Наименование',0,'','all','','0','none','{\"ru\":\"\",\"en\":\"\"}','normal',0,0,'n'),(2,2,2,2,'','y','Тип столбца MySQL',0,'','all','','0','none','{\"ru\":\"\",\"en\":\"\"}','normal',0,0,'n'),(3,2,3,3,'','y','Пригоден для хранения внешних ключей',0,'','all','','0','none','{\"ru\":\"\",\"en\":\"\"}','normal',0,0,'n'),(4,5,4,4,'','y','Наименование',0,'','all','','1','none','{\"ru\":\"\",\"en\":\"\"}','normal',0,0,'n'),(5,5,5,5,'','y','Таблица БД',0,'','all','','1','none','{\"ru\":\"\",\"en\":\"\"}','normal',0,0,'n'),(6,6,7,6,'','y','Наименование',0,'','all','','1','none','{\"ru\":\"\",\"en\":\"\"}','normal',0,0,'n'),(7,6,8,7,'Псевдоним','y','Псевдоним',0,'','all','','1','none','{\"ru\":\"\",\"en\":\"\"}','normal',0,0,'n'),(8,6,9,2352,'Тип столбца','y','Тип столбца MySQL',2609,'','all','','1','none','{\"ru\":\"\",\"en\":\"\"}','normal',0,0,'n'),(9,6,10,2610,'Элемент','y','Элемент управления',2613,'','all','','1','none','{\"ru\":\"\",\"en\":\"\"}','normal',0,0,'n'),(10,6,11,2609,'По умолчанию','y','DEFAULT',2609,'','all','','1','none','{\"ru\":\"\",\"en\":\"\"}','normal',0,0,'n'),(11,6,12,10,'Сущность','y','Ключи какой сущности',2611,'','all','','1','none','{\"ru\":\"\",\"en\":\"\"}','normal',0,0,'n'),(2610,6,470,9,'','y','Хранит ключи',2611,'','all','','0','none','{\"ru\":\"\",\"en\":\"\"}','normal',0,0,'n'),(13,6,14,2613,'','y','Порядок',0,'','all','','0','none','{\"ru\":\"\",\"en\":\"\"}','normal',0,0,'n'),(14,7,19,2460,'','y','Сущность',2642,'','all','','0','none','{\"ru\":\"\",\"en\":\"\"}','normal',0,0,'n'),(15,7,20,14,'','y','Наименование',0,'','all','','1','none','{\"ru\":\"\",\"en\":\"\"}','normal',0,0,'n'),(16,7,21,15,'','y','Контроллер',2641,'','all','','1','none','{\"ru\":\"\",\"en\":\"\"}','normal',0,0,'n'),(17,7,22,16,'','y','Статус',2655,'','all','','0','none','{\"ru\":\"\",\"en\":\"\"}','normal',0,0,'n'),(18,7,23,18,'','y','Порядок',0,'','all','','1','none','{\"ru\":\"\",\"en\":\"\"}','normal',0,0,'n'),(20,7,25,2644,'','y','Количество записей на странице',2654,'','all','','1','none','{\"ru\":\"\",\"en\":\"\"}','normal',0,0,'n'),(23,8,27,23,'','y','Действие',0,'','all','','0','none','{\"ru\":\"\",\"en\":\"\"}','normal',0,0,'n'),(24,8,29,297,'','y','Статус',0,'','all','','0','none','{\"ru\":\"\",\"en\":\"\"}','normal',0,0,'n'),(25,8,30,2564,'','y','Порядок',0,'','all','','0','none','{\"ru\":\"\",\"en\":\"\"}','normal',0,0,'n'),(26,10,31,26,'','y','Наименование',0,'','all','','1','none','{\"ru\":\"\",\"en\":\"\"}','normal',0,0,'n'),(27,10,32,27,'','y','Псевдоним',0,'','all','','1','none','{\"ru\":\"\",\"en\":\"\"}','normal',0,0,'n'),(29,11,2165,29,'Столбец','y','Auto title',0,'','all','','0','none','{\"ru\":\"\",\"en\":\"\"}','normal',0,0,'n'),(30,11,35,2320,'','y','Порядок',0,'','all','','0','none','{\"ru\":\"\",\"en\":\"\"}','normal',0,0,'n'),(32,13,36,32,'','y','Наименование',0,'','all','','1','none','{\"ru\":\"\",\"en\":\"\"}','normal',0,0,'n'),(33,13,37,2329,'','y','Статус',0,'','all','','0','none','{\"ru\":\"\",\"en\":\"\"}','normal',0,0,'n'),(34,12,16,34,'','y','Наименование',0,'','all','','0','none','{\"ru\":\"\",\"en\":\"\"}','normal',0,0,'n'),(35,12,17,35,'','y','Псевдоним',0,'','all','','0','none','{\"ru\":\"\",\"en\":\"\"}','normal',0,0,'n'),(36,14,39,36,'','y','Фамилия Имя',0,'','all','','1','none','{\"ru\":\"\",\"en\":\"\"}','normal',0,0,'n'),(37,14,40,37,'','y','Email (используется в качестве логина)',0,'','all','','1','none','{\"ru\":\"\",\"en\":\"\"}','normal',0,0,'n'),(38,14,41,38,'','y','Пароль',0,'','all','','1','none','{\"ru\":\"\",\"en\":\"\"}','normal',0,0,'n'),(39,14,42,39,'','y','Статус',0,'','all','','0','none','{\"ru\":\"\",\"en\":\"\"}','normal',0,0,'n'),(42,16,65,43,'','y','Псевдоним',0,'','all','','0','none','{\"ru\":\"\",\"en\":\"\"}','normal',0,0,'n'),(43,16,66,44,'','y','Способен работать с внешними ключами',0,'','all','','0','none','{\"ru\":\"\",\"en\":\"\"}','normal',0,0,'n'),(46,16,64,42,'','y','Наименование',0,'','all','','0','none','{\"ru\":\"\",\"en\":\"\"}','normal',0,0,'n'),(89,22,107,56,'','y','Наименование',0,'','all','','0','none','{\"ru\":\"\",\"en\":\"\"}','normal',0,0,'n'),(90,22,108,57,'','y','Псевдоним',0,'','all','','0','none','{\"ru\":\"\",\"en\":\"\"}','normal',0,0,'n'),(91,22,109,59,'','y','Ширина',0,'','all','','0','none','{\"ru\":\"\",\"en\":\"\"}','normal',0,0,'n'),(92,22,110,60,'','y','Высота',0,'','all','','0','none','{\"ru\":\"\",\"en\":\"\"}','normal',0,0,'n'),(93,22,111,58,'','y','Размер',0,'','all','','0','none','{\"ru\":\"\",\"en\":\"\"}','normal',0,0,'n'),(94,22,112,61,'','y','Ограничить пропорциональную <span id=\"slaveDimensionTitle\">высоту</span>',0,'','all','','0','none','{\"ru\":\"\",\"en\":\"\"}','normal',0,0,'n'),(130,30,131,61,'','y','Наименование',0,'','all','','0','none','','normal',0,0,'n'),(132,30,133,63,'','y','Псевдоним',0,'','all','','0','none','','normal',0,0,'n'),(2365,379,0,2365,'Взятый из контекста','y','Взятый из контекста',2362,'','all','','0','none','','normal',0,0,'n'),(2363,379,2179,2363,'','y','Префикс',2362,'','all','','1','none','','normal',0,0,'n'),(136,30,137,67,'','y','Статус',0,'','all','','0','none','','normal',0,0,'n'),(341,12,377,253,'','y','Порядок отображения',0,'','all','','0','none','{\"ru\":\"\",\"en\":\"\"}','normal',0,0,'n'),(383,8,28,25,'','y','Доступ',0,'','all','','0','none','{\"ru\":\"\",\"en\":\"\"}','normal',0,0,'n'),(2641,7,2425,2459,'Привязка к коду','y','Родительские классы',2655,'','all','','0','none','{\"ru\":\"\",\"en\":\"\"}','normal',0,100,'n'),(1335,7,1366,17,'','y','Фракция',2655,'','all','','1','none','{\"ru\":\"\",\"en\":\"\"}','normal',0,0,'n'),(1334,113,1040,925,'','y','Тип',0,'','all','','0','none','','normal',0,0,'n'),(1333,172,1365,924,'','y','Тип',0,'','all','','0','none','','normal',0,0,'n'),(1332,10,1364,923,'','y','Фракция',0,'','all','','1','none','{\"ru\":\"\",\"en\":\"\"}','normal',0,0,'n'),(420,113,559,328,'','y','Наименование',0,'','all','','0','none','','normal',0,0,'n'),(421,113,560,329,'','y','Псевдоним',0,'','all','','0','none','','normal',0,0,'n'),(424,113,563,330,'','y','Прикрепленная сущность',0,'','all','','0','none','','normal',0,0,'n'),(443,5,612,347,'','y','Тип',0,'','all','','0','none','{\"ru\":\"\",\"en\":\"\"}','normal',0,0,'n'),(489,144,678,388,'','y','Имя',0,'','all','','0','none','','normal',0,0,'n'),(490,144,679,389,'','y','Email',0,'','all','','0','none','','normal',0,0,'n'),(491,144,681,391,'','y','Дата',0,'','all','','0','none','','normal',0,0,'n'),(2657,16,92,2657,'','y','Не отображать в формах',0,'','all','','0','none','{\"ru\":\"\",\"en\":\"\"}','normal',0,0,'n'),(1382,224,1444,2312,'','y','Порядок',2630,'','all','','0','none','{\"ru\":\"\",\"en\":\"\"}','normal',0,0,'n'),(1384,224,1445,929,'','y','Статус',2630,'','all','','0','none','{\"ru\":\"\",\"en\":\"\"}','normal',0,0,'n'),(832,172,857,624,'','y','Наименование',0,'','all','','0','none','','normal',0,0,'n'),(833,172,858,625,'','y','Псевдоним',0,'','all','','0','none','','normal',0,0,'n'),(834,173,860,626,'','y','Действие',0,'','all','','0','none','','normal',0,0,'n'),(1383,224,1443,926,'','y','Поле',0,'','all','','1','none','{\"ru\":\"\",\"en\":\"\"}','normal',0,0,'n'),(2625,224,2311,2625,'РС','y','Разрешить сброс',2628,'','all','','1','none','{\"ru\":\"\",\"en\":\"\"}','normal',0,0,'n'),(2656,2,475,2656,'','y','Совместимые элементы управления',0,'','all','','1','none','{\"ru\":\"\",\"en\":\"\"}','normal',0,0,'n'),(1039,172,1074,759,'','y','Выполнять maintenance()',0,'','all','','0','none','','normal',0,0,'n'),(979,173,1027,728,'','y','Тип',0,'','all','','0','none','','normal',0,0,'n'),(1066,191,1194,782,'','y','Компонент',0,'','all','','0','none','','normal',0,0,'n'),(1067,191,1195,783,'','y','Очередность',0,'','all','','0','none','','normal',0,0,'n'),(1068,191,1196,784,'','y','Префикс',0,'','all','','0','none','','normal',0,0,'n'),(2627,224,2198,2627,'НР','y','Содержательность',2628,'','all','','1','none','{\"ru\":\"\",\"en\":\"\"}','normal',0,0,'n'),(2312,224,2183,1945,'','y','Фильтрация',0,'','all','','1','none','{\"ru\":\"\",\"en\":\"\"}','normal',0,0,'n'),(2311,224,2182,2311,'Значение<br>по умолчанию','y','Значение по умолчанию',0,'','all','','1','none','{\"ru\":\"\",\"en\":\"\"}','normal',0,0,'n'),(2362,379,0,2362,'Компонент','y','Компонент',0,'','all','','0','none','','normal',0,0,'n'),(2361,379,2172,2361,'','y','Тэг',0,'','all','','0','none','','normal',0,0,'n'),(2360,379,2181,2360,'','y','Порядок отображения',0,'','all','','0','none','','normal',0,0,'n'),(1231,201,1342,851,'','y','Поле',0,'','all','','0','none','{\"ru\":\"\",\"en\":\"\"}','normal',0,0,'n'),(2356,201,2252,988,'','y','Наименование',2638,'','all','','1','none','{\"ru\":\"\",\"en\":\"\"}','normal',0,0,'n'),(1439,232,1515,965,'','y','Тип',0,'','all','','0','none','','normal',0,0,'n'),(2359,379,2173,2359,'','y','Тип компонента',0,'','all','','0','none','','normal',0,0,'n'),(1421,232,1485,962,'','y','Наименование',0,'','all','','0','none','','normal',0,0,'n'),(1422,232,1486,963,'','y','Псевдоним',0,'','all','','0','none','','normal',0,0,'n'),(1423,232,1488,1132,'','y','Статус',0,'','all','','0','none','','normal',0,0,'n'),(1449,113,1533,989,'','y','Статус',0,'','all','','0','none','','normal',0,0,'n'),(1448,201,1532,2639,'','y','Значение по умолчанию',2638,'','all','','1','none','{\"ru\":\"\",\"en\":\"\"}','normal',0,0,'n'),(1515,113,585,1036,'','y','Порядок отображения соответствующего пункта в меню',0,'','all','','0','none','','normal',0,0,'n'),(1656,11,1886,2419,'','y','Переименовать',2637,'','all','','1','none','{\"ru\":\"\",\"en\":\"\"}','normal',0,0,'n'),(1954,224,1658,2621,'','y','Переименовать',2630,'','all','','1','none','{\"ru\":\"\",\"en\":\"\"}','normal',0,0,'n'),(2280,201,2161,1946,'','y','Режим',2638,'','all','','0','none','{\"ru\":\"\",\"en\":\"\"}','normal',0,0,'n'),(2320,11,2159,1156,'','y','Статус',2637,'','all','','0','none','{\"ru\":\"\",\"en\":\"\"}','normal',0,0,'n'),(2321,6,2197,13,'','y','Режим',2613,'','all','','0','none','{\"ru\":\"\",\"en\":\"\"}','normal',0,0,'n'),(2322,11,34,30,'','y','Поле',0,'','all','','1','none','{\"ru\":\"\",\"en\":\"\"}','normal',0,0,'n'),(2323,10,2202,2659,'','y','Статус',0,'','all','','0','none','{\"ru\":\"\",\"en\":\"\"}','normal',0,0,'n'),(2324,8,2209,24,'','y','Переименовать',0,'','all','','0','none','{\"ru\":\"\",\"en\":\"\"}','normal',0,0,'n'),(2325,11,2210,2416,'','y','Редактор',2637,'','all','','0','none','{\"ru\":\"\",\"en\":\"\"}','normal',0,0,'n'),(2326,8,2212,2324,'ЮП','y','Южная панель',0,'Режим отображения южной панели','all','','0','none','{\"ru\":\"\",\"en\":\"\"}','normal',0,0,'n'),(2327,7,2213,2641,'','y','Режим подгрузки',2654,'Режим подгрузки данных','all','','0','none','{\"ru\":\"\",\"en\":\"\"}','normal',0,0,'n'),(2328,8,2214,2326,'','y','Автосайз окна',0,'','all','','0','none','{\"ru\":\"\",\"en\":\"\"}','normal',0,0,'n'),(2329,13,2215,2464,'МКО','y','Максимальное количество окон',0,'Максимальное количество окон','all','','1','none','{\"ru\":\"\",\"en\":\"\"}','normal',0,0,'n'),(2415,390,2283,2462,'SMS','y','Дублирование по SMS',0,'Дублирование по SMS','all','','0','none','{\"ru\":\"\",\"en\":\"\"}','normal',0,0,'n'),(2394,389,2259,2394,'','y','Счетчик',0,'','all','','0','none','{\"ru\":\"\",\"en\":\"\"}','normal',0,0,'n'),(2395,389,2260,2395,'','y','Отображение / SQL',2394,'','all','','0','none','{\"ru\":\"\",\"en\":\"\"}','normal',0,0,'n'),(2396,389,2256,2396,'','y','Событие / PHP',2394,'','all','','0','none','{\"ru\":\"\",\"en\":\"\"}','normal',0,0,'n'),(2397,389,2262,2397,'','y','Пункты меню',2394,'','all','','0','none','{\"ru\":\"\",\"en\":\"\"}','normal',0,0,'n'),(2398,389,2263,2398,'','y','Цвет фона',2394,'','all','','0','none','{\"ru\":\"\",\"en\":\"\"}','normal',0,0,'n'),(2399,389,2264,2399,'','y','Цвет текста',2394,'','all','','0','none','{\"ru\":\"\",\"en\":\"\"}','normal',0,0,'n'),(2390,389,2254,2390,'','y','Наименование',0,'','all','','0','none','{\"ru\":\"\",\"en\":\"\"}','normal',0,0,'n'),(2391,389,2255,2391,'','y','Сущность',0,'','all','','0','none','{\"ru\":\"\",\"en\":\"\"}','normal',0,0,'n'),(2392,389,2257,2392,'','y','Получатели',0,'','all','','0','none','{\"ru\":\"\",\"en\":\"\"}','normal',0,0,'n'),(2393,389,2258,2393,'','y','Статус',0,'','all','','0','none','{\"ru\":\"\",\"en\":\"\"}','normal',0,0,'n'),(2468,387,2237,2468,'','y','Ключ',0,'','all','','0','none','{\"ru\":\"\",\"en\":\"\"}','normal',0,0,'n'),(2467,387,2236,2467,'','y','Наименование',0,'','all','','0','none','{\"ru\":\"\",\"en\":\"\"}','normal',0,0,'n'),(2352,6,2239,2611,'l10n','y','Мультиязычность',2609,'','all','','0','none','{\"ru\":\"\",\"en\":\"\"}','normal',0,0,'n'),(2353,388,2247,2352,'','y','От какого поля зависит',0,'','all','','0','none','{\"ru\":\"\",\"en\":\"\"}','normal',0,0,'n'),(2354,388,2248,2353,'','y','Поле по ключу',0,'','all','','0','none','{\"ru\":\"\",\"en\":\"\"}','normal',0,0,'n'),(2357,201,2207,2357,'Роли','y','Влияние',2640,'','all','','1','none','{\"ru\":\"\",\"en\":\"\"}','normal',0,0,'n'),(2358,201,2250,2358,'','y','Кроме',2640,'','all','','1','none','{\"ru\":\"\",\"en\":\"\"}','normal',0,0,'n'),(2364,379,2174,2364,'','y','Указанный вручную',2362,'','all','','0','none','','normal',0,0,'n'),(2366,379,2175,2366,'Уровень','y','Шагов вверх',2365,'','all','','0','none','','normal',0,0,'n'),(2367,379,2176,2367,'','y','Источник',2365,'','all','','0','none','','normal',0,0,'n'),(2368,379,2178,2368,'','y','Поле',2365,'','all','','0','none','','normal',0,0,'n'),(2369,379,2180,2369,'','y','Постфикс',2362,'','all','','1','none','','normal',0,0,'n'),(2414,390,2282,2415,'VK','y','Дублирование в ВК',0,'Дублирование во ВКонтакте','all','','0','none','{\"ru\":\"\",\"en\":\"\"}','normal',0,0,'n'),(2413,390,2281,2414,'Email','y','Дублирование на почту',0,'Дублирование на почту','all','','0','none','{\"ru\":\"\",\"en\":\"\"}','normal',0,0,'n'),(2412,390,2277,2413,'','y','Общий',0,'','all','','0','none','{\"ru\":\"\",\"en\":\"\"}','normal',0,0,'n'),(2411,390,2275,2412,'','y','Роль',0,'','all','','0','none','{\"ru\":\"\",\"en\":\"\"}','normal',0,0,'n'),(2417,388,2306,2417,'[ ! ]','y','Обязательное',0,'Обязательное','all','','0','none','{\"ru\":\"\",\"en\":\"\"}','normal',0,0,'n'),(2418,388,2307,2418,'','y','Коннектор',0,'','all','','0','none','{\"ru\":\"\",\"en\":\"\"}','normal',0,0,'n'),(2419,11,2308,2461,'','y','Группа',2637,'','all','','0','none','{\"ru\":\"\",\"en\":\"\"}','normal',0,0,'n'),(2450,391,12,2450,'Сущность','y','Ключи какой сущности',2619,'','all','','1','none','{\"ru\":\"\",\"en\":\"\"}','normal',0,0,'n'),(2449,391,470,2449,'','y','Хранит ключи',2619,'','all','','0','none','{\"ru\":\"\",\"en\":\"\"}','normal',0,0,'n'),(2622,224,2203,2622,'','y','Кому',2629,'','all','','1','none','{\"ru\":\"\",\"en\":\"\"}','normal',0,0,'n'),(2623,224,2204,2623,'','y','Выбранные',2629,'','all','','1','none','{\"ru\":\"\",\"en\":\"\"}','normal',0,0,'n'),(2447,391,11,2447,'По умолчанию','y','Значение по умолчанию',2620,'','all','','1','none','{\"ru\":\"\",\"en\":\"\"}','normal',0,0,'n'),(2446,391,9,2446,'Тип столбца','y','Тип столбца MySQL',2620,'','all','','1','none','{\"ru\":\"\",\"en\":\"\"}','normal',0,0,'n'),(2445,391,8,2440,'Псевдоним','y','Псевдоним',0,'','all','','1','none','{\"ru\":\"\",\"en\":\"\"}','normal',0,0,'n'),(2618,391,2414,2448,'','y','Элемент управления',0,'','all','','0','none','{\"ru\":\"\",\"en\":\"\"}','normal',0,0,'n'),(2624,224,2317,2624,'','y','Подсказка',2630,'','all','','1','none','{\"ru\":\"\",\"en\":\"\"}','normal',0,0,'n'),(2443,391,2199,2443,'','y','Подсказка',2618,'','all','','1','none','{\"ru\":\"\",\"en\":\"\"}','normal',0,0,'n'),(2441,391,2197,2441,'','y','Режим',2618,'','all','','0','none','{\"ru\":\"\",\"en\":\"\"}','normal',0,0,'n'),(2442,391,10,2442,'Элемент','y','Элемент управления',2618,'','all','','1','none','{\"ru\":\"\",\"en\":\"\"}','normal',0,0,'n'),(2438,391,6,2438,'Сущность','y','Сущность, в структуру которой входит это поле',0,'Сущность, в структуру которой входит это поле','all','','0','none','{\"ru\":\"\",\"en\":\"\"}','normal',0,0,'n'),(2439,391,7,2439,'','y','Наименование',0,'','all','','1','none','{\"ru\":\"\",\"en\":\"\"}','normal',0,0,'n'),(2619,391,2413,2444,'','y','Внешние ключи',0,'','all','','0','none','{\"ru\":\"\",\"en\":\"\"}','normal',0,0,'n'),(2451,391,754,2451,'Фильтрация','y','Статическая фильтрация',2619,'','all','','1','none','{\"ru\":\"\",\"en\":\"\"}','normal',0,0,'n'),(2621,224,2314,928,'','y','Поле по ключу',0,'','all','','1','none','{\"ru\":\"\",\"en\":\"\"}','normal',0,0,'n'),(2452,391,2239,2619,'l10n','y','Мультиязычность',2620,'Мультиязычность','all','','0','none','{\"ru\":\"\",\"en\":\"\"}','normal',0,0,'n'),(2453,391,14,2620,'','y','Порядок',0,'','all','','0','none','{\"ru\":\"\",\"en\":\"\"}','normal',0,0,'n'),(2459,7,502,926,'','y','PHP',2641,'','all','','1','none','{\"ru\":\"\",\"en\":\"\"}','normal',0,50,'y'),(2460,7,2309,2327,'','y','JS',2641,'','all','','1','none','{\"ru\":\"\",\"en\":\"\"}','normal',0,50,'y'),(2461,11,2315,2632,'','y','Ширина',2637,'','all','','1','none','{\"ru\":\"\",\"en\":\"\"}','normal',0,0,'n'),(2462,390,2316,2411,'','y','Статус',0,'','all','','0','none','{\"ru\":\"\",\"en\":\"\"}','normal',0,0,'n'),(2463,14,2318,2463,'Демо','y','Демо-режим',0,'Демо-режим','all','','0','none','{\"ru\":\"\",\"en\":\"\"}','normal',0,0,'n'),(2464,13,2319,2563,'Демо','y','Демо-режим',0,'Демо-режим','all','','0','none','{\"ru\":\"\",\"en\":\"\"}','normal',0,0,'n'),(2465,5,2320,2465,'','y','Группировать файлы',0,'','all','','1','none','{\"ru\":\"\",\"en\":\"\"}','normal',0,0,'n'),(2466,14,2324,2466,'','y','Правки UI',0,'','all','','0','none','{\"ru\":\"\",\"en\":\"\"}','normal',0,0,'n'),(2469,387,2326,2469,'','y','Админка',0,'','all','','0','none','{\"ru\":\"\",\"en\":\"\"}','normal',0,0,'n'),(2470,387,2238,2470,'','y','Статус',2469,'','all','','0','none','{\"ru\":\"\",\"en\":\"\"}','normal',0,0,'n'),(2471,387,2327,2471,'','y','Система',2469,'','all','','0','none','{\"ru\":\"\",\"en\":\"\"}','normal',0,0,'n'),(2472,387,2328,2472,'','y','Интерфейс',2471,'','all','','0','none','{\"ru\":\"\",\"en\":\"\"}','normal',0,0,'n'),(2473,387,2329,2473,'','y','Константы',2471,'','all','','0','none','{\"ru\":\"\",\"en\":\"\"}','normal',0,0,'n'),(2474,387,2330,2474,'','y','Проект',2469,'','all','','0','none','{\"ru\":\"\",\"en\":\"\"}','normal',0,0,'n'),(2475,387,2331,2475,'','y','Интерфейс',2474,'','all','','0','none','{\"ru\":\"\",\"en\":\"\"}','normal',0,0,'n'),(2476,387,2332,2476,'','y','Константы',2474,'','all','','0','none','{\"ru\":\"\",\"en\":\"\"}','normal',0,0,'n'),(2477,387,2333,2477,'','y','Данные',2474,'','all','','0','none','{\"ru\":\"\",\"en\":\"\"}','normal',0,0,'n'),(2478,387,2334,2478,'','y','Шаблоны',2474,'','all','','0','none','{\"ru\":\"\",\"en\":\"\"}','normal',0,0,'n'),(2479,387,2335,2479,'','y','Порядок',0,'','all','','0','none','{\"ru\":\"\",\"en\":\"\"}','normal',0,0,'n'),(2519,392,2353,2519,'','y','Статус',2518,'','all','','0','none','{\"ru\":\"\",\"en\":\"\"}','normal',0,0,'n'),(2518,392,2352,2518,'','y','Процессинг',0,'','all','','0','none','{\"ru\":\"\",\"en\":\"\"}','normal',0,0,'n'),(2514,392,2348,2514,'','y','Создание',0,'','all','','0','none','{\"ru\":\"\",\"en\":\"\"}','normal',0,0,'n'),(2515,392,2349,2515,'','y','Статус',2514,'','all','','0','none','{\"ru\":\"\",\"en\":\"\"}','normal',0,0,'n'),(2517,392,2351,2517,'','y','Байт',2514,'','all','','0','sum','{\"ru\":\"\",\"en\":\"\"}','normal',0,0,'n'),(2516,392,2350,2516,'','y','Размер',2514,'','all','','0','none','{\"ru\":\"\",\"en\":\"\"}','normal',0,0,'n'),(2511,392,2345,2511,'','y','Оценка',0,'','all','','0','none','{\"ru\":\"\",\"en\":\"\"}','normal',0,0,'n'),(2512,392,2346,2512,'','y','Статус',2511,'','all','','0','none','{\"ru\":\"\",\"en\":\"\"}','normal',0,0,'n'),(2513,392,2347,2513,'','y','Размер',2511,'','all','','0','none','{\"ru\":\"\",\"en\":\"\"}','normal',0,0,'n'),(2508,392,2339,2508,'','y','Процесс',0,'','all','','0','none','{\"ru\":\"\",\"en\":\"\"}','normal',0,0,'n'),(2509,392,2341,2509,'','y','PID',2508,'','all','','0','none','{\"ru\":\"\",\"en\":\"\"}','normal',0,0,'n'),(2510,392,2340,2510,'','y','Начат',2508,'','all','','0','none','{\"ru\":\"\",\"en\":\"\"}','normal',0,0,'n'),(2505,392,2342,2505,'','h','Этап',0,'','all','','0','none','{\"ru\":\"\",\"en\":\"\"}','normal',0,0,'n'),(2506,392,2343,2506,'','h','Статус',0,'','all','','0','none','{\"ru\":\"\",\"en\":\"\"}','normal',0,0,'n'),(2507,392,2344,2507,'','y','Сегменты',0,'','all','','0','none','{\"ru\":\"\",\"en\":\"\"}','normal',0,0,'n'),(2502,392,2337,2502,'','y','Создана',0,'','all','','0','none','{\"ru\":\"\",\"en\":\"\"}','normal',0,0,'n'),(2503,392,2336,2503,'','y','Задача',0,'','all','','0','none','{\"ru\":\"\",\"en\":\"\"}','normal',0,0,'n'),(2504,392,2338,2504,'','y','Параметры',0,'','all','','0','none','{\"ru\":\"\",\"en\":\"\"}','normal',0,0,'n'),(2520,392,2354,2520,'','y','Размер',2518,'','all','','0','none','{\"ru\":\"\",\"en\":\"\"}','normal',0,0,'n'),(2521,392,2355,2521,'','y','Применение',0,'','all','','0','none','{\"ru\":\"\",\"en\":\"\"}','normal',0,0,'n'),(2522,392,2356,2522,'','y','Статус',2521,'','all','','0','none','{\"ru\":\"\",\"en\":\"\"}','normal',0,0,'n'),(2523,392,2357,2523,'','y','Размер',2521,'','all','','0','none','{\"ru\":\"\",\"en\":\"\"}','normal',0,0,'n'),(2548,393,2367,2548,'','y','Процессинг',0,'','all','','0','none','{\"ru\":\"\",\"en\":\"\"}','normal',0,0,'n'),(2546,393,2365,2546,'','y','Статус',2545,'','all','','0','none','{\"ru\":\"\",\"en\":\"\"}','normal',0,0,'n'),(2547,393,2366,2547,'','y','Размер',2545,'','all','','0','sum','{\"ru\":\"\",\"en\":\"\"}','normal',0,0,'n'),(2543,393,2362,2543,'','y','Статус',2542,'','all','','0','none','{\"ru\":\"\",\"en\":\"\"}','normal',0,0,'n'),(2544,393,2363,2544,'','y','Размер',2542,'','all','','0','sum','{\"ru\":\"\",\"en\":\"\"}','normal',0,0,'n'),(2545,393,2364,2545,'','y','Создание',0,'','all','','0','none','{\"ru\":\"\",\"en\":\"\"}','normal',0,0,'n'),(2541,393,2360,2541,'','y','Условие выборки',0,'','all','','0','none','{\"ru\":\"\",\"en\":\"\"}','normal',0,0,'n'),(2542,393,2361,2542,'','y','Оценка',0,'','all','','0','none','{\"ru\":\"\",\"en\":\"\"}','normal',0,0,'n'),(2538,393,0,2538,'','n','',0,'','all','','0','none','{\"ru\":\"\",\"en\":\"\"}','normal',0,0,'n'),(2539,393,0,2539,'','n','',0,'','all','','0','none','{\"ru\":\"\",\"en\":\"\"}','normal',0,0,'n'),(2540,393,2359,2540,'','y','Расположение',0,'','all','','0','none','{\"ru\":\"\",\"en\":\"\"}','normal',0,0,'n'),(2549,393,2368,2549,'','y','Статус',2548,'','all','','0','none','{\"ru\":\"\",\"en\":\"\"}','normal',0,0,'n'),(2550,393,2369,2550,'','y','Размер',2548,'','all','','0','sum','{\"ru\":\"\",\"en\":\"\"}','normal',0,0,'n'),(2551,393,2370,2551,'','y','Применение',0,'','all','','0','none','{\"ru\":\"\",\"en\":\"\"}','normal',0,0,'n'),(2552,393,2371,2552,'','y','Статус',2551,'','all','','0','none','{\"ru\":\"\",\"en\":\"\"}','normal',0,0,'n'),(2553,393,2372,2553,'','y','Размер',2551,'','all','','0','sum','{\"ru\":\"\",\"en\":\"\"}','normal',0,0,'n'),(2561,394,2378,2561,'','y','Статус',0,'','all','','0','none','{\"ru\":\"\",\"en\":\"\"}','normal',0,0,'n'),(2560,394,2377,2560,'','y','Результат',0,'','all','','1','none','{\"ru\":\"\",\"en\":\"\"}','normal',0,0,'n'),(2559,394,2376,2559,'','y','Значение',0,'','all','','0','none','{\"ru\":\"\",\"en\":\"\"}','normal',0,0,'n'),(2558,394,2375,2558,'','y','Таргет',0,'','all','','0','none','{\"ru\":\"\",\"en\":\"\"}','normal',0,0,'n'),(2562,393,2383,2562,'','y','Байт',2545,'','all','','0','sum','{\"ru\":\"\",\"en\":\"\"}','normal',0,0,'n'),(2563,13,2384,33,'','y','Фракция',0,'','all','','0','none','{\"ru\":\"\",\"en\":\"\"}','normal',0,0,'n'),(2564,8,2386,2328,'','y','Мультиязычность',0,'','all','','0','none','{\"ru\":\"\",\"en\":\"\"}','normal',0,0,'n'),(2626,224,2184,2626,'ИШ','y','Игнорировать шаблон, заданный в параметрах настроек поля',2628,'','all','','1','none','{\"ru\":\"\",\"en\":\"\"}','normal',0,0,'n'),(2620,391,2412,2452,'','y','MySQL',0,'','all','','0','none','{\"ru\":\"\",\"en\":\"\"}','normal',0,0,'n'),(2613,6,2414,2321,'Элемент управления','y','Элемент управления',0,'','all','','0','none','{\"ru\":\"\",\"en\":\"\"}','normal',0,0,'n'),(2611,6,2413,8,'','y','Внешние ключи',0,'','all','','0','none','{\"ru\":\"\",\"en\":\"\"}','normal',0,0,'n'),(2612,6,754,11,'Фильтрация','y','Статическая фильтрация',2611,'','all','','1','none','{\"ru\":\"\",\"en\":\"\"}','normal',0,0,'n'),(2609,6,2412,2612,'','y','MySQL',0,'','all','','0','none','{\"ru\":\"\",\"en\":\"\"}','normal',0,0,'n'),(2606,396,2406,2606,'','h','Сущность',0,'','all','','0','none','{\"ru\":\"\",\"en\":\"\"}','normal',0,0,'n'),(2605,396,2404,2605,'','h','Язык',0,'','all','','0','none','{\"ru\":\"\",\"en\":\"\"}','normal',0,0,'n'),(2604,396,2403,2604,'','h','Длительность',0,'','all','','0','none','{\"ru\":\"\",\"en\":\"\"}','normal',0,0,'n'),(2603,396,2402,2603,'','h','Конец',0,'','all','','0','none','{\"ru\":\"\",\"en\":\"\"}','normal',0,0,'n'),(2602,396,2401,2602,'','y','Начало',0,'','all','','0','none','{\"ru\":\"\",\"en\":\"\"}','normal',0,0,'n'),(2601,396,2399,2601,'','y','Пользователь',0,'','all','','0','none','{\"ru\":\"\",\"en\":\"\"}','normal',0,0,'n'),(2600,396,2398,2600,'','h','Роль',0,'','all','','0','none','{\"ru\":\"\",\"en\":\"\"}','normal',0,0,'n'),(2599,396,2397,2599,'','h','Тип',0,'','all','','0','none','{\"ru\":\"\",\"en\":\"\"}','normal',0,0,'n'),(2598,396,2405,2598,'','h','Раздел',0,'','all','','0','none','{\"ru\":\"\",\"en\":\"\"}','normal',0,0,'n'),(2597,396,2400,2597,'','h','Токен',0,'','all','','0','none','{\"ru\":\"\",\"en\":\"\"}','normal',0,0,'n'),(2596,396,2409,2596,'','y','Запись',0,'','all','','0','none','{\"ru\":\"\",\"en\":\"\"}','normal',0,0,'n'),(2607,396,2407,2607,'','n','Записи',0,'','all','','0','none','{\"ru\":\"\",\"en\":\"\"}','normal',0,0,'n'),(2608,396,2408,2608,'','h','Поля',0,'','all','','0','none','{\"ru\":\"\",\"en\":\"\"}','normal',0,0,'n'),(2614,6,2199,2614,'','y','Подсказка',2613,'','all','','1','none','{\"ru\":\"\",\"en\":\"\"}','normal',0,0,'n'),(2615,13,1337,2615,'','y','Сущность пользователей',0,'','all','','1','none','{\"ru\":\"\",\"en\":\"\"}','normal',0,0,'n'),(2616,13,2131,2616,'','y','Дэшборд',0,'','all','','1','none','{\"ru\":\"\",\"en\":\"\"}','normal',0,0,'n'),(2617,13,2132,2617,'','y','Порядок отображения',0,'','all','','0','none','{\"ru\":\"\",\"en\":\"\"}','normal',0,0,'n'),(2628,224,2419,2630,'','y','Флаги',0,'','all','','0','none','{\"ru\":\"\",\"en\":\"\"}','normal',0,0,'n'),(2629,224,2420,2629,'','y','Доступ',0,'','all','','0','none','{\"ru\":\"\",\"en\":\"\"}','normal',0,0,'n'),(2630,224,2421,2628,'','y','Отображение',0,'','all','','0','none','{\"ru\":\"\",\"en\":\"\"}','normal',0,0,'n'),(2631,11,2313,2325,'','y','Поле по ключу',0,'','all','','1','none','{\"ru\":\"\",\"en\":\"\"}','normal',0,0,'n'),(2632,11,2200,2631,'','y','Подсказка',2637,'','all','','1','none','{\"ru\":\"\",\"en\":\"\"}','normal',0,0,'n'),(2633,11,2304,2633,'','y','Внизу',2637,'','all','','1','none','{\"ru\":\"\",\"en\":\"\"}','normal',0,0,'n'),(2634,11,2205,2635,'Кому','y','Доступ',2636,'','all','','1','none','{\"ru\":\"\",\"en\":\"\"}','normal',0,0,'n'),(2635,11,2206,2636,'','y','Кроме',2636,'','all','','1','none','{\"ru\":\"\",\"en\":\"\"}','normal',0,0,'n'),(2636,11,2422,2637,'','y','Доступ',0,'','all','','0','none','{\"ru\":\"\",\"en\":\"\"}','normal',0,0,'n'),(2637,11,2423,2634,'','y','Отображение',0,'','all','','0','none','{\"ru\":\"\",\"en\":\"\"}','normal',0,0,'n'),(2638,201,2251,2638,'','y','Изменить свойства',0,'','all','','0','none','{\"ru\":\"\",\"en\":\"\"}','normal',0,0,'n'),(2639,201,2385,2356,'','y','Элемент',2638,'','all','','1','none','{\"ru\":\"\",\"en\":\"\"}','normal',0,0,'n'),(2640,201,2424,2640,'','y','Влияние',0,'','all','','0','none','{\"ru\":\"\",\"en\":\"\"}','normal',0,0,'n'),(2642,7,2426,31,'Источник','y','Источник записей',2653,'','all','','0','none','{\"ru\":\"\",\"en\":\"\"}','normal',0,0,'n'),(2643,7,1345,2704,'','y','Запретить создание новых записей',2642,'','all','','0','none','{\"ru\":\"\",\"en\":\"\"}','normal',0,0,'n'),(2644,7,767,2647,'','y','Фильтрация через SQL WHERE',2642,'','all','','1','none','{\"ru\":\"\",\"en\":\"\"}','normal',0,0,'n'),(2645,7,503,2642,'','y','Сортировка',2654,'','all','','1','none','{\"ru\":\"\",\"en\":\"\"}','normal',0,0,'n'),(2646,7,557,2645,'','h','Направление сортировки',2654,'','all','','0','none','{\"ru\":\"\",\"en\":\"\"}','normal',0,0,'y'),(2647,7,2427,2654,'Отображение','y','Отображение записей',2653,'','all','','0','none','{\"ru\":\"\",\"en\":\"\"}','normal',0,0,'n'),(2648,7,2312,2648,'','y','Выделение более одной записи',2647,'','all','','0','none','{\"ru\":\"\",\"en\":\"\"}','normal',0,0,'n'),(2649,7,2310,2649,'','y','Включить нумерацию записей',2647,'','all','','0','none','{\"ru\":\"\",\"en\":\"\"}','normal',0,0,'n'),(2650,7,2211,2650,'','y','Группировка',2647,'','all','','1','none','{\"ru\":\"\",\"en\":\"\"}','normal',0,0,'n'),(2651,7,2322,2651,'','h','Плитка',2647,'','all','','0','none','{\"ru\":\"\",\"en\":\"\"}','normal',0,0,'n'),(2652,7,2323,2652,'','h','Превью',2647,'','all','','0','none','{\"ru\":\"\",\"en\":\"\"}','normal',0,0,'n'),(2653,7,2428,2655,'','y','Записи',0,'','all','','0','none','{\"ru\":\"\",\"en\":\"\"}','normal',0,0,'n'),(2654,7,2429,2646,'','y','Подгрузка',2653,'','all','','0','none','{\"ru\":\"\",\"en\":\"\"}','normal',0,0,'n'),(2655,7,2430,2653,'Свойства','y','Параметры',0,'','all','','0','none','{\"ru\":\"\",\"en\":\"\"}','normal',0,100,'n'),(2659,10,2100,2658,'','y','Отображать в панели действий',0,'','all','','1','none','{\"ru\":\"\",\"en\":\"\"}','normal',0,0,'n'),(2658,10,345,2323,'','y','Нужно выбрать запись',0,'','all','','1','none','{\"ru\":\"\",\"en\":\"\"}','normal',0,0,'n'),(2676,11,2432,2676,'','y','При изменении ячейки обновлять всю строку',0,'','all','','0','none','{\"ru\":\"\",\"en\":\"\"}','normal',0,0,'n'),(2677,101,2433,2677,'','y','Параметр',0,'','all','','0','none','{\"ru\":\"\",\"en\":\"\"}','normal',0,0,'n'),(2678,101,2434,2678,'','y','Значение',0,'','all','','1','none','{\"ru\":\"\",\"en\":\"\"}','normal',0,0,'n'),(2679,405,7,2679,'','y','Наименование',0,'','all','','1','none','{\"ru\":\"\",\"en\":\"\"}','normal',0,0,'n'),(2680,405,8,2680,'Псевдоним','y','Псевдоним',0,'','all','','1','none','{\"ru\":\"\",\"en\":\"\"}','normal',0,0,'n'),(2681,405,2413,2681,'','y','Внешние ключи',0,'','all','','0','none','{\"ru\":\"\",\"en\":\"\"}','normal',0,0,'n'),(2682,405,470,2682,'','y','Хранит ключи',2681,'','all','','0','none','{\"ru\":\"\",\"en\":\"\"}','normal',0,0,'n'),(2683,405,12,2683,'Сущность','y','Ключи какой сущности',2681,'','all','','1','none','{\"ru\":\"\",\"en\":\"\"}','normal',0,0,'n'),(2684,405,754,2684,'Фильтрация','y','Статическая фильтрация',2681,'','all','','1','none','{\"ru\":\"\",\"en\":\"\"}','normal',0,0,'n'),(2685,405,2414,2685,'Элемент управления','y','Элемент управления',0,'','all','','0','none','{\"ru\":\"\",\"en\":\"\"}','normal',0,0,'n'),(2686,405,2197,2686,'','y','Режим',2685,'','all','','0','none','{\"ru\":\"\",\"en\":\"\"}','normal',0,0,'n'),(2687,405,10,2687,'Элемент','y','Элемент управления',2685,'','all','','1','none','{\"ru\":\"\",\"en\":\"\"}','normal',0,0,'n'),(2688,405,2199,2688,'','y','Подсказка',2685,'','all','','1','none','{\"ru\":\"\",\"en\":\"\"}','normal',0,0,'n'),(2689,405,2412,2689,'','y','MySQL',0,'','all','','0','none','{\"ru\":\"\",\"en\":\"\"}','normal',0,0,'n'),(2690,405,9,2690,'Тип столбца','y','Тип столбца MySQL',2689,'','all','','1','none','{\"ru\":\"\",\"en\":\"\"}','normal',0,0,'n'),(2691,405,11,2691,'По умолчанию','y','Значение по умолчанию',2689,'','all','','1','none','{\"ru\":\"\",\"en\":\"\"}','normal',0,0,'n'),(2692,405,2239,2692,'l10n','y','Мультиязычность',2689,'','all','','0','none','{\"ru\":\"\",\"en\":\"\"}','normal',0,0,'n'),(2693,405,14,2693,'','y','Порядок',0,'','all','','0','none','{\"ru\":\"\",\"en\":\"\"}','normal',0,0,'n'),(2694,406,16,2694,'','y','Наименование',0,'','all','','1','none','{\"ru\":\"\",\"en\":\"\"}','normal',0,0,'n'),(2695,406,17,2695,'','y','Псевдоним',0,'','all','','1','none','{\"ru\":\"\",\"en\":\"\"}','normal',0,0,'n'),(2696,406,377,2696,'','y','Порядок',0,'','all','','0','none','{\"ru\":\"\",\"en\":\"\"}','normal',0,0,'n'),(2697,407,476,2701,'','y','Поле',0,'','all','','0','none','{\"ru\":\"\",\"en\":\"\"}','normal',0,0,'n'),(2700,407,2166,2705,'','h','Auto title',0,'','all','','0','none','{\"ru\":\"\",\"en\":\"\"}','normal',0,0,'n'),(2701,407,2433,2702,'','y','Параметр',0,'','all','','0','none','{\"ru\":\"\",\"en\":\"\"}','normal',0,0,'n'),(2702,407,2434,2703,'','y','Значение',0,'','all','','0','none','{\"ru\":\"\",\"en\":\"\"}','normal',0,0,'n'),(2705,407,476,2700,'','y','Поле',0,'','all','','0','none','{\"ru\":\"\",\"en\":\"\"}','normal',6,0,'n');
/*!40000 ALTER TABLE `grid` ENABLE KEYS */;
UNLOCK TABLES;

--
-- Table structure for table `lang`
--

DROP TABLE IF EXISTS `lang`;
/*!40101 SET @saved_cs_client     = @@character_set_client */;
/*!40101 SET character_set_client = utf8 */;
CREATE TABLE `lang` (
  `id` int(11) NOT NULL AUTO_INCREMENT,
  `title` varchar(255) NOT NULL DEFAULT '',
  `alias` varchar(255) NOT NULL DEFAULT '',
  `toggle` enum('y','n') NOT NULL DEFAULT 'y',
  `state` enum('noth','smth') NOT NULL DEFAULT 'noth',
  `adminSystemUi` enum('n','qy','y','qn') NOT NULL DEFAULT 'n',
  `adminSystemConst` enum('n','qy','y','qn') NOT NULL DEFAULT 'n',
  `adminCustomUi` enum('n','qy','y','qn') NOT NULL DEFAULT 'n',
  `adminCustomConst` enum('n','qy','y','qn') NOT NULL DEFAULT 'n',
  `adminCustomData` enum('n','qy','y','qn') NOT NULL DEFAULT 'n',
  `adminCustomTmpl` enum('n','qy','y','qn') NOT NULL DEFAULT 'n',
  `move` int(11) NOT NULL DEFAULT '0',
  PRIMARY KEY (`id`),
  KEY `toggle` (`toggle`),
  KEY `state` (`state`),
  KEY `adminSystemUi` (`adminSystemUi`),
  KEY `adminSystemConst` (`adminSystemConst`),
  KEY `adminCustomUi` (`adminCustomUi`),
  KEY `adminCustomConst` (`adminCustomConst`),
  KEY `adminCustomData` (`adminCustomData`),
  KEY `adminCustomTmpl` (`adminCustomTmpl`)
) ENGINE=MyISAM AUTO_INCREMENT=112 DEFAULT CHARSET=utf8;
/*!40101 SET character_set_client = @saved_cs_client */;

--
-- Dumping data for table `lang`
--

LOCK TABLES `lang` WRITE;
/*!40000 ALTER TABLE `lang` DISABLE KEYS */;
INSERT INTO `lang` VALUES (1,'Русский','ru','y','smth','y','y','n','n','n','n',1),(2,'Engish','en','y','smth','y','y','y','y','y','y',2),(3,'Afrikaans','af','n','noth','n','n','n','n','n','n',3),(4,'Albanian','sq','n','noth','n','n','n','n','n','n',4),(5,'Amharic','am','n','noth','n','n','n','n','n','n',5),(6,'Arabic','ar','n','noth','n','n','n','n','n','n',6),(7,'Armenian','hy','n','noth','n','n','n','n','n','n',7),(8,'Azerbaijani','az','n','noth','n','n','n','n','n','n',8),(9,'Basque','eu','n','noth','n','n','n','n','n','n',9),(10,'Belarusian','be','n','noth','n','n','n','n','n','n',10),(11,'Bengali','bn','n','noth','n','n','n','n','n','n',11),(12,'Bosnian','bs','n','noth','n','n','n','n','n','n',12),(13,'Bulgarian','bg','n','noth','n','n','n','n','n','n',13),(14,'Catalan','ca','n','noth','n','n','n','n','n','n',14),(15,'Cebuano','ceb','n','noth','n','n','n','n','n','n',15),(16,'Chichewa','ny','n','noth','n','n','n','n','n','n',16),(17,'Chinese (Simplified)','zh-CN','n','smth','n','y','n','n','n','n',17),(18,'Chinese (Traditional)','zh-TW','n','noth','n','n','n','n','n','n',18),(19,'Corsican','co','n','noth','n','n','n','n','n','n',19),(20,'Croatian','hr','n','noth','n','n','n','n','n','n',20),(21,'Czech','cs','n','noth','n','n','n','n','n','n',21),(22,'Danish','da','n','noth','n','n','n','n','n','n',22),(23,'Dutch','nl','n','noth','n','n','n','n','n','n',23),(24,'Esperanto','eo','n','noth','n','n','n','n','n','n',24),(25,'Estonian','et','n','noth','n','n','n','n','n','n',25),(26,'Filipino','tl','n','noth','n','n','n','n','n','n',26),(27,'Finnish','fi','n','noth','n','n','n','n','n','n',27),(28,'French','fr','n','noth','n','n','n','n','n','n',28),(29,'Frisian','fy','n','noth','n','n','n','n','n','n',29),(30,'Galician','gl','n','noth','n','n','n','n','n','n',30),(31,'Georgian','ka','n','noth','n','n','n','n','n','n',31),(32,'German','de','n','smth','n','y','n','n','n','n',32),(33,'Greek','el','n','noth','n','n','n','n','n','n',33),(34,'Gujarati','gu','n','noth','n','n','n','n','n','n',34),(35,'Haitian Creole','ht','n','noth','n','n','n','n','n','n',35),(36,'Hausa','ha','n','noth','n','n','n','n','n','n',36),(37,'Hawaiian','haw','n','noth','n','n','n','n','n','n',37),(38,'Hebrew','iw','n','noth','n','n','n','n','n','n',38),(39,'Hindi','hi','n','noth','n','n','n','n','n','n',39),(40,'Hmong','hmn','n','noth','n','n','n','n','n','n',40),(41,'Hungarian','hu','n','noth','n','n','n','n','n','n',41),(42,'Icelandic','is','n','noth','n','n','n','n','n','n',42),(43,'Igbo','ig','n','noth','n','n','n','n','n','n',43),(44,'Indonesian','id','n','noth','n','n','n','n','n','n',44),(45,'Irish','ga','n','noth','n','n','n','n','n','n',45),(46,'Italian','it','n','noth','n','n','n','n','n','n',46),(47,'Japanese','ja','n','smth','n','y','n','n','n','n',47),(48,'Javanese','jw','n','noth','n','n','n','n','n','n',48),(49,'Kannada','kn','n','noth','n','n','n','n','n','n',49),(50,'Kazakh','kk','n','noth','n','n','n','n','n','n',50),(51,'Khmer','km','n','noth','n','n','n','n','n','n',51),(52,'Kinyarwanda','rw','n','noth','n','n','n','n','n','n',52),(53,'Korean','ko','n','noth','n','n','n','n','n','n',53),(54,'Kurdish (Kurmanji)','ku','n','noth','n','n','n','n','n','n',54),(55,'Kyrgyz','ky','n','noth','n','n','n','n','n','n',55),(56,'Lao','lo','n','noth','n','n','n','n','n','n',56),(57,'Latin','la','n','noth','n','n','n','n','n','n',57),(58,'Latvian','lv','n','noth','n','n','n','n','n','n',58),(59,'Lithuanian','lt','n','noth','n','n','n','n','n','n',59),(60,'Luxembourgish','lb','n','noth','n','n','n','n','n','n',60),(61,'Macedonian','mk','n','noth','n','n','n','n','n','n',61),(62,'Malagasy','mg','n','noth','n','n','n','n','n','n',62),(63,'Malay','ms','n','noth','n','n','n','n','n','n',63),(64,'Malayalam','ml','n','noth','n','n','n','n','n','n',64),(65,'Maltese','mt','n','noth','n','n','n','n','n','n',65),(66,'Maori','mi','n','noth','n','n','n','n','n','n',66),(67,'Marathi','mr','n','noth','n','n','n','n','n','n',67),(68,'Mongolian','mn','n','noth','n','n','n','n','n','n',68),(69,'Myanmar (Burmese)','my','n','noth','n','n','n','n','n','n',69),(70,'Nepali','ne','n','noth','n','n','n','n','n','n',70),(71,'Norwegian','no','n','noth','n','n','n','n','n','n',71),(72,'Odia (Oriya)','or','n','noth','n','n','n','n','n','n',72),(73,'Pashto','ps','n','noth','n','n','n','n','n','n',73),(74,'Persian','fa','n','noth','n','n','n','n','n','n',74),(75,'Polish','pl','n','noth','n','n','n','n','n','n',75),(76,'Portuguese','pt','n','noth','n','n','n','n','n','n',76),(77,'Punjabi','pa','n','noth','n','n','n','n','n','n',77),(78,'Romanian','ro','n','noth','n','n','n','n','n','n',78),(79,'Samoan','sm','n','noth','n','n','n','n','n','n',79),(80,'Scots Gaelic','gd','n','noth','n','n','n','n','n','n',80),(81,'Serbian','sr','n','noth','n','n','n','n','n','n',81),(82,'Sesotho','st','n','noth','n','n','n','n','n','n',82),(83,'Shona','sn','n','noth','n','n','n','n','n','n',83),(84,'Sindhi','sd','n','noth','n','n','n','n','n','n',84),(85,'Sinhala','si','n','noth','n','n','n','n','n','n',85),(86,'Slovak','sk','n','noth','n','n','n','n','n','n',86),(87,'Slovenian','sl','n','noth','n','n','n','n','n','n',87),(88,'Somali','so','n','noth','n','n','n','n','n','n',88),(89,'Spanish','es','n','smth','n','y','n','n','n','n',89),(90,'Sundanese','su','n','noth','n','n','n','n','n','n',90),(91,'Swahili','sw','n','noth','n','n','n','n','n','n',91),(92,'Swedish','sv','n','noth','n','n','n','n','n','n',92),(93,'Tajik','tg','n','noth','n','n','n','n','n','n',93),(94,'Tamil','ta','n','noth','n','n','n','n','n','n',94),(95,'Tatar','tt','n','noth','n','n','n','n','n','n',95),(96,'Telugu','te','n','noth','n','n','n','n','n','n',96),(97,'Thai','th','n','smth','n','y','n','n','n','n',97),(98,'Turkish','tr','n','noth','n','n','n','n','n','n',98),(99,'Turkmen','tk','n','noth','n','n','n','n','n','n',99),(100,'Ukrainian','uk','n','noth','n','n','n','n','n','n',100),(101,'Urdu','ur','n','noth','n','n','n','n','n','n',101),(102,'Uyghur','ug','n','noth','n','n','n','n','n','n',102),(103,'Uzbek','uz','n','noth','n','n','n','n','n','n',103),(104,'Vietnamese','vi','n','noth','n','n','n','n','n','n',104),(105,'Welsh','cy','n','noth','n','n','n','n','n','n',105),(106,'Xhosa','xh','n','noth','n','n','n','n','n','n',106),(107,'Yiddish','yi','n','noth','n','n','n','n','n','n',107),(108,'Yoruba','yo','n','noth','n','n','n','n','n','n',108),(109,'Zulu','zu','n','noth','n','n','n','n','n','n',109),(110,'Hebrew','he','n','noth','n','n','n','n','n','n',110),(111,'Chinese (Simplified)','zh','n','noth','n','n','n','n','n','n',111);
/*!40000 ALTER TABLE `lang` ENABLE KEYS */;
UNLOCK TABLES;

--
-- Table structure for table `menu`
--

DROP TABLE IF EXISTS `menu`;
/*!40101 SET @saved_cs_client     = @@character_set_client */;
/*!40101 SET character_set_client = utf8 */;
CREATE TABLE `menu` (
  `id` int(11) NOT NULL AUTO_INCREMENT,
  `menuId` int(11) NOT NULL DEFAULT '0',
  `title` varchar(255) NOT NULL DEFAULT '',
  `linked` enum('n','y') NOT NULL DEFAULT 'n',
  `staticpageId` int(11) NOT NULL DEFAULT '0',
  `url` varchar(255) NOT NULL DEFAULT '',
  `toggle` enum('y','n') NOT NULL DEFAULT 'y',
  `bottom` enum('y','n') NOT NULL DEFAULT 'y',
  `move` int(11) NOT NULL DEFAULT '0',
  PRIMARY KEY (`id`),
  KEY `menuId` (`menuId`),
  KEY `linked` (`linked`),
  KEY `staticpageId` (`staticpageId`),
  KEY `toggle` (`toggle`),
  KEY `bottom` (`bottom`)
) ENGINE=MyISAM AUTO_INCREMENT=7 DEFAULT CHARSET=utf8;
/*!40101 SET character_set_client = @saved_cs_client */;

--
-- Dumping data for table `menu`
--

LOCK TABLES `menu` WRITE;
/*!40000 ALTER TABLE `menu` DISABLE KEYS */;
INSERT INTO `menu` VALUES (1,0,'Курсы','n',0,'/courses','y','y',1),(5,0,'Сотрудничество','y',9,'','y','y',5);
/*!40000 ALTER TABLE `menu` ENABLE KEYS */;
UNLOCK TABLES;

--
-- Table structure for table `metatag`
--

DROP TABLE IF EXISTS `metatag`;
/*!40101 SET @saved_cs_client     = @@character_set_client */;
/*!40101 SET character_set_client = utf8 */;
CREATE TABLE `metatag` (
  `id` int(11) NOT NULL AUTO_INCREMENT,
  `fsectionId` int(11) NOT NULL DEFAULT '0',
  `fsection2factionId` int(11) NOT NULL DEFAULT '0',
  `tag` enum('title','keywords','description') NOT NULL DEFAULT 'title',
  `type` enum('static','dynamic') NOT NULL DEFAULT 'static',
  `content` varchar(255) NOT NULL DEFAULT '',
  `up` int(11) NOT NULL DEFAULT '0',
  `source` enum('section','action','row') NOT NULL DEFAULT 'section',
  `entityId` int(11) NOT NULL DEFAULT '0',
  `fieldId` int(11) NOT NULL DEFAULT '0',
  `prefix` varchar(255) NOT NULL DEFAULT '',
  `postfix` varchar(255) NOT NULL DEFAULT '',
  `move` int(11) NOT NULL DEFAULT '0',
  PRIMARY KEY (`id`),
  KEY `fsectionId` (`fsectionId`),
  KEY `fsection2factionId` (`fsection2factionId`),
  KEY `tag` (`tag`),
  KEY `type` (`type`),
  KEY `source` (`source`),
  KEY `entityId` (`entityId`),
  KEY `fieldId` (`fieldId`)
) ENGINE=MyISAM AUTO_INCREMENT=3 DEFAULT CHARSET=utf8;
/*!40101 SET character_set_client = @saved_cs_client */;

--
-- Dumping data for table `metatag`
--

LOCK TABLES `metatag` WRITE;
/*!40000 ALTER TABLE `metatag` DISABLE KEYS */;
INSERT INTO `metatag` VALUES (2,37,127,'title','dynamic','',0,'row',25,131,'','',2);
/*!40000 ALTER TABLE `metatag` ENABLE KEYS */;
UNLOCK TABLES;

--
-- Table structure for table `month`
--

DROP TABLE IF EXISTS `month`;
/*!40101 SET @saved_cs_client     = @@character_set_client */;
/*!40101 SET character_set_client = utf8 */;
CREATE TABLE `month` (
  `id` int(11) NOT NULL AUTO_INCREMENT,
  `yearId` int(11) NOT NULL DEFAULT '0',
  `month` enum('01','02','03','04','05','06','07','08','09','10','11','12') NOT NULL DEFAULT '01',
  `title` text NOT NULL,
  `move` int(11) NOT NULL DEFAULT '0',
  PRIMARY KEY (`id`),
  KEY `yearId` (`yearId`),
  KEY `month` (`month`),
  FULLTEXT KEY `title` (`title`)
) ENGINE=MyISAM DEFAULT CHARSET=utf8;
/*!40101 SET character_set_client = @saved_cs_client */;

--
-- Dumping data for table `month`
--

LOCK TABLES `month` WRITE;
/*!40000 ALTER TABLE `month` DISABLE KEYS */;
/*!40000 ALTER TABLE `month` ENABLE KEYS */;
UNLOCK TABLES;

--
-- Table structure for table `notice`
--

DROP TABLE IF EXISTS `notice`;
/*!40101 SET @saved_cs_client     = @@character_set_client */;
/*!40101 SET character_set_client = utf8 */;
CREATE TABLE `notice` (
  `id` int(11) NOT NULL AUTO_INCREMENT,
  `title` text NOT NULL,
  `entityId` int(11) NOT NULL DEFAULT '0',
  `event` varchar(255) NOT NULL DEFAULT '',
  `profileId` varchar(255) NOT NULL DEFAULT '',
  `toggle` enum('y','n') NOT NULL DEFAULT 'y',
  `qtySql` varchar(255) NOT NULL DEFAULT '',
  `qtyDiffRelyOn` enum('event','getter') NOT NULL DEFAULT 'event',
  `sectionId` varchar(255) NOT NULL DEFAULT '',
  `bg` varchar(10) NOT NULL DEFAULT '212#d9e5f3',
  `fg` varchar(10) NOT NULL DEFAULT '216#044099',
  `tooltip` text NOT NULL,
  `tplFor` enum('inc','dec','evt') NOT NULL DEFAULT 'inc',
  `tplIncSubj` text NOT NULL,
  `tplIncBody` text NOT NULL,
  `tplDecSubj` text NOT NULL,
  `tplDecBody` text NOT NULL,
  `tplEvtSubj` text NOT NULL,
  `tplEvtBody` text NOT NULL,
  `type` enum('p','s') NOT NULL DEFAULT 'p',
  PRIMARY KEY (`id`),
  KEY `entityId` (`entityId`),
  KEY `profileId` (`profileId`),
  KEY `toggle` (`toggle`),
  KEY `qtyDiffRelyOn` (`qtyDiffRelyOn`),
  KEY `sectionId` (`sectionId`),
  KEY `tplFor` (`tplFor`),
  KEY `type` (`type`),
  FULLTEXT KEY `tooltip` (`tooltip`),
  FULLTEXT KEY `tplIncSubj` (`tplIncSubj`),
  FULLTEXT KEY `tplIncBody` (`tplIncBody`),
  FULLTEXT KEY `tplDecSubj` (`tplDecSubj`),
  FULLTEXT KEY `tplDecBody` (`tplDecBody`),
  FULLTEXT KEY `tplEvtSubj` (`tplEvtSubj`),
  FULLTEXT KEY `tplEvtBody` (`tplEvtBody`),
  FULLTEXT KEY `title` (`title`)
) ENGINE=MyISAM DEFAULT CHARSET=utf8;
/*!40101 SET character_set_client = @saved_cs_client */;

--
-- Dumping data for table `notice`
--

LOCK TABLES `notice` WRITE;
/*!40000 ALTER TABLE `notice` DISABLE KEYS */;
/*!40000 ALTER TABLE `notice` ENABLE KEYS */;
UNLOCK TABLES;

--
-- Table structure for table `noticegetter`
--

DROP TABLE IF EXISTS `noticegetter`;
/*!40101 SET @saved_cs_client     = @@character_set_client */;
/*!40101 SET character_set_client = utf8 */;
CREATE TABLE `noticegetter` (
  `id` int(11) NOT NULL AUTO_INCREMENT,
  `noticeId` int(11) NOT NULL DEFAULT '0',
  `profileId` int(11) NOT NULL DEFAULT '0',
  `criteriaRelyOn` enum('event','getter') NOT NULL DEFAULT 'event',
  `criteriaEvt` varchar(255) NOT NULL DEFAULT '',
  `criteriaInc` varchar(255) NOT NULL DEFAULT '',
  `criteriaDec` varchar(255) NOT NULL DEFAULT '',
  `title` text NOT NULL,
  `email` enum('n','y') NOT NULL DEFAULT 'n',
  `vk` enum('n','y') NOT NULL DEFAULT 'n',
  `sms` enum('n','y') NOT NULL DEFAULT 'n',
  `criteria` varchar(255) NOT NULL DEFAULT '',
  `mail` enum('n','y') NOT NULL DEFAULT 'n',
  `toggle` enum('y','n') NOT NULL DEFAULT 'y',
  PRIMARY KEY (`id`),
  KEY `noticeId` (`noticeId`),
  KEY `profileId` (`profileId`),
  KEY `criteriaRelyOn` (`criteriaRelyOn`),
  KEY `email` (`email`),
  KEY `vk` (`vk`),
  KEY `sms` (`sms`),
  KEY `mail` (`mail`),
  KEY `toggle` (`toggle`),
  FULLTEXT KEY `title` (`title`)
) ENGINE=MyISAM DEFAULT CHARSET=utf8;
/*!40101 SET character_set_client = @saved_cs_client */;

--
-- Dumping data for table `noticegetter`
--

LOCK TABLES `noticegetter` WRITE;
/*!40000 ALTER TABLE `noticegetter` DISABLE KEYS */;
/*!40000 ALTER TABLE `noticegetter` ENABLE KEYS */;
UNLOCK TABLES;

--
-- Table structure for table `param`
--

DROP TABLE IF EXISTS `param`;
/*!40101 SET @saved_cs_client     = @@character_set_client */;
/*!40101 SET character_set_client = utf8 */;
CREATE TABLE `param` (
  `id` int(11) NOT NULL AUTO_INCREMENT,
  `fieldId` int(11) NOT NULL DEFAULT '0',
  `title` varchar(255) NOT NULL DEFAULT '',
  `cfgField` int(11) NOT NULL DEFAULT '0',
  `cfgValue` text NOT NULL,
  PRIMARY KEY (`id`),
  KEY `fieldId` (`fieldId`),
  KEY `cfgField` (`cfgField`),
  FULLTEXT KEY `cfgValue` (`cfgValue`)
) ENGINE=MyISAM AUTO_INCREMENT=172 DEFAULT CHARSET=utf8;
/*!40101 SET character_set_client = @saved_cs_client */;

--
-- Dumping data for table `param`
--

LOCK TABLES `param` WRITE;
/*!40000 ALTER TABLE `param` DISABLE KEYS */;
INSERT INTO `param` VALUES (90,1487,'Путь к css-нику для подцепки редактором',2455,'/css/style.css'),(134,1814,'Во всю ширину',2443,'1'),(102,1487,'Во всю ширину',2443,'1'),(127,109,'Единица измерения',2462,'px'),(128,110,'Единица измерения',2462,'px'),(160,19,'Группировка опций по столбцу',2439,'612'),(156,18,'Группировка опций по столбцу',2439,'1366'),(162,2315,'Единица измерения',2462,'px'),(159,12,'Группировка опций по столбцу',2439,'612'),(161,2196,'Группировка опций по столбцу',2439,'2308'),(163,2385,'Плейсхолдер',2438,'Без изменений'),(164,2401,'Отображаемый формат времени',2463,'H:i:s'),(165,2401,'Отображаемый формат даты',2464,'Y-m-d'),(166,1443,'Дополнительно передавать параметры (в виде атрибутов)',2440,'470'),(167,34,'Дополнительно передавать параметры (в виде атрибутов)',2440,'470');
/*!40000 ALTER TABLE `param` ENABLE KEYS */;
UNLOCK TABLES;

--
-- Table structure for table `profile`
--

DROP TABLE IF EXISTS `profile`;
/*!40101 SET @saved_cs_client     = @@character_set_client */;
/*!40101 SET character_set_client = utf8 */;
CREATE TABLE `profile` (
  `id` int(11) NOT NULL AUTO_INCREMENT,
  `title` text NOT NULL,
  `toggle` enum('y','n') NOT NULL DEFAULT 'y',
  `entityId` int(11) NOT NULL DEFAULT '11',
  `dashboard` varchar(255) NOT NULL DEFAULT '',
  `move` int(11) NOT NULL DEFAULT '0',
  `maxWindows` int(11) NOT NULL DEFAULT '15',
  `demo` enum('n','y') NOT NULL DEFAULT 'n',
  `type` enum('p','s') NOT NULL DEFAULT 'p',
  PRIMARY KEY (`id`),
  KEY `toggle` (`toggle`),
  KEY `entityId` (`entityId`),
  KEY `demo` (`demo`),
  KEY `type` (`type`),
  FULLTEXT KEY `title` (`title`)
) ENGINE=MyISAM AUTO_INCREMENT=20 DEFAULT CHARSET=utf8;
/*!40101 SET character_set_client = @saved_cs_client */;

--
-- Dumping data for table `profile`
--

LOCK TABLES `profile` WRITE;
/*!40000 ALTER TABLE `profile` DISABLE KEYS */;
INSERT INTO `profile` VALUES (1,'{\"ru\":\"Разработчик\",\"en\":\"Developer\"}','y',11,'',1,15,'n','s'),(12,'{\"ru\":\"Администратор\",\"en\":\"Admin\"}','y',11,'',12,15,'n','p');
/*!40000 ALTER TABLE `profile` ENABLE KEYS */;
UNLOCK TABLES;

--
-- Table structure for table `queuechunk`
--

DROP TABLE IF EXISTS `queuechunk`;
/*!40101 SET @saved_cs_client     = @@character_set_client */;
/*!40101 SET character_set_client = utf8 */;
CREATE TABLE `queuechunk` (
  `id` int(11) NOT NULL AUTO_INCREMENT,
  `queueTaskId` int(11) NOT NULL DEFAULT '0',
  `location` varchar(255) NOT NULL DEFAULT '',
  `where` text NOT NULL,
  `countState` enum('waiting','progress','finished') NOT NULL DEFAULT 'waiting',
  `countSize` int(11) NOT NULL DEFAULT '0',
  `itemsState` enum('waiting','progress','finished') NOT NULL DEFAULT 'waiting',
  `itemsSize` int(11) NOT NULL DEFAULT '0',
  `queueState` enum('waiting','progress','finished','noneed') NOT NULL DEFAULT 'waiting',
  `queueSize` int(11) NOT NULL DEFAULT '0',
  `applyState` enum('waiting','progress','finished') NOT NULL DEFAULT 'waiting',
  `applySize` int(11) NOT NULL DEFAULT '0',
  `move` int(11) NOT NULL DEFAULT '0',
  `queueChunkId` int(11) NOT NULL DEFAULT '0',
  `fraction` enum('none','adminSystemUi','adminCustomUi','adminCustomData') NOT NULL DEFAULT 'none',
  `itemsBytes` int(11) NOT NULL DEFAULT '0',
  PRIMARY KEY (`id`),
  KEY `queueTaskId` (`queueTaskId`),
  KEY `countState` (`countState`),
  KEY `itemsState` (`itemsState`),
  KEY `queueState` (`queueState`),
  KEY `applyState` (`applyState`),
  KEY `queueChunkId` (`queueChunkId`),
  KEY `fraction` (`fraction`),
  FULLTEXT KEY `where` (`where`)
) ENGINE=MyISAM AUTO_INCREMENT=761 DEFAULT CHARSET=utf8;
/*!40101 SET character_set_client = @saved_cs_client */;

--
-- Dumping data for table `queuechunk`
--

LOCK TABLES `queuechunk` WRITE;
/*!40000 ALTER TABLE `queuechunk` DISABLE KEYS */;
INSERT INTO `queuechunk` VALUES (656,180,'entity:title','`system` = \"n\"','finished',0,'finished',0,'finished',0,'finished',0,656,0,'adminCustomUi',0),(655,180,'entity:title','`system` = \"y\"','finished',26,'finished',26,'finished',26,'finished',26,655,0,'adminSystemUi',292),(653,179,'action:title','FALSE','finished',0,'finished',0,'finished',0,'finished',0,653,0,'none',0),(654,179,'section2action:title','`actionId` = \"6\" AND FIND_IN_SET(`sectionId`, \"1,2,5,6,7,8,10,11,12,13,14,16,22,101,403,201,224,389,390,387,388,391,392,393,394,396,405,406,407\")','finished',10,'finished',10,'finished',10,'finished',10,654,653,'none',0),(638,173,'profile:title','`type` = \"s\"','finished',1,'finished',1,'finished',1,'finished',1,638,0,'adminSystemUi',11),(639,173,'noticeGetter:title','`noticeId` IN (0) AND `profileId` IN (1)','finished',0,'finished',0,'finished',0,'finished',0,639,638,'adminSystemUi',0),(640,173,'profile:title','`type` = \"p\"','finished',1,'finished',1,'finished',1,'finished',1,640,0,'adminCustomUi',13),(641,173,'noticeGetter:title','`noticeId` IN (0) AND `profileId` IN (12)','finished',0,'finished',0,'finished',0,'finished',0,641,640,'adminCustomUi',0),(642,174,'field:title','FALSE','finished',0,'finished',0,'finished',0,'finished',0,642,0,'none',0),(643,174,'grid:title','`fieldId` = \"2384\"','finished',1,'finished',1,'finished',1,'finished',1,643,642,'none',0),(644,174,'search:title','`fieldId` = \"2384\"','finished',0,'finished',0,'finished',0,'finished',0,644,642,'none',0),(645,174,'alteredField:title','`fieldId` = \"2384\"','finished',0,'finished',0,'finished',0,'finished',0,645,642,'none',0),(646,174,'consider:title','`consider` = \"2384\"','finished',0,'finished',0,'finished',0,'finished',0,646,642,'none',0),(647,174,'param:title','`cfgField` = \"2384\"','finished',0,'finished',0,'finished',0,'finished',0,647,642,'none',0),(648,175,'enumset:title','`fieldId` = \"2384\"','finished',2,'finished',2,'finished',2,'finished',2,648,0,'adminSystemUi',41),(649,176,'enumset:title','`fieldId` = \"37\"','finished',2,'finished',2,'finished',2,'finished',2,649,0,'adminSystemUi',134),(650,177,'enumset:title','`fieldId` = \"2319\"','finished',2,'finished',2,'finished',2,'finished',2,650,0,'adminSystemUi',128),(651,178,'action:title','FALSE','finished',0,'finished',0,'finished',0,'finished',0,651,0,'none',0),(652,178,'section2action:title','`actionId` = \"5\" AND FIND_IN_SET(`sectionId`, \"1,2,5,6,7,8,10,11,12,13,14,16,22,101,403,201,224,389,390,387,388,391,392,393,394,396,405,406,407\")','finished',10,'finished',10,'finished',10,'finished',10,652,651,'none',0),(658,182,'enumset:title','`fieldId` = \"345\"','finished',2,'finished',2,'finished',2,'finished',2,658,0,'adminSystemUi',5),(657,181,'enumset:title','`fieldId` = \"612\"','finished',3,'finished',3,'finished',3,'finished',3,657,0,'adminSystemUi',83),(659,183,'enumset:title','`fieldId` = \"1364\"','finished',3,'finished',3,'finished',3,'finished',3,659,0,'adminSystemUi',74),(660,184,'enumset:title','`fieldId` = \"2100\"','finished',2,'finished',2,'finished',2,'finished',2,660,0,'adminSystemUi',5),(661,185,'enumset:title','`fieldId` = \"2202\"','finished',2,'finished',2,'finished',2,'finished',2,661,0,'adminSystemUi',134),(662,186,'admin:title','`profileId` IN (1)','finished',1,'finished',1,'finished',1,'finished',1,662,0,'adminSystemUi',14),(663,186,'admin:title','`profileId` IN (12)','finished',1,'finished',1,'finished',1,'finished',1,663,0,'adminCustomUi',10),(664,187,'enumset:title','`fieldId` = \"42\"','finished',2,'finished',2,'finished',2,'finished',2,664,0,'adminSystemUi',132),(665,188,'enumset:title','`fieldId` = \"2318\"','finished',2,'finished',2,'finished',2,'finished',2,665,0,'adminSystemUi',128),(666,189,'enumset:title','`fieldId` = \"2324\"','finished',2,'finished',2,'finished',2,'finished',2,666,0,'adminSystemUi',140),(667,190,'enumset:title','`fieldId` = \"2243\"','finished',10,'finished',10,'finished',10,'finished',10,667,0,'adminSystemUi',129),(668,191,'enumset:title','`fieldId` = \"2207\"','finished',3,'finished',3,'finished',3,'finished',3,668,0,'adminSystemUi',25),(669,192,'alteredField:profileIds','`sectionId` IN (1,2,5,6,7,8,10,11,12,13,14,16,22,101,201,224,389,390,387,388,391,392,393,394,396,405,406,407)','finished',3,'finished',3,'finished',3,'progress',0,669,0,'adminSystemUi',0),(670,192,'alteredField:profileIds','`sectionId` IN (403)','finished',0,'finished',0,'finished',0,'waiting',0,670,0,'adminCustomUi',0),(673,194,'columnType:title','','finished',12,'finished',12,'finished',12,'finished',12,673,0,'adminCustomUi',90),(671,193,'enumset:title','`fieldId` = \"2161\"','finished',5,'finished',5,'finished',5,'finished',5,671,0,'adminSystemUi',483),(672,194,'columnType:title','','finished',12,'finished',12,'finished',12,'finished',12,672,0,'adminSystemUi',90),(674,195,'enumset:title','`fieldId` = \"3\"','finished',2,'finished',2,'finished',2,'finished',2,674,0,'adminSystemUi',5),(676,197,'element:title','','finished',17,'finished',17,'finished',17,'finished',17,676,0,'adminSystemUi',125),(685,205,'enumset:title','`fieldId` = \"2304\"','finished',6,'finished',6,'finished',6,'finished',6,685,0,'adminSystemUi',37),(684,204,'enumset:title','`fieldId` = \"2308\"','finished',2,'finished',2,'finished',2,'finished',2,684,0,'adminSystemUi',22),(679,199,'enumset:title','`fieldId` = \"470\"','finished',3,'finished',3,'finished',3,'finished',3,679,0,'adminSystemUi',283),(677,197,'element:title','','finished',17,'finished',17,'finished',17,'finished',17,677,0,'adminCustomUi',125),(675,196,'enumset:title','`fieldId` = \"2306\"','finished',2,'finished',2,'finished',2,'finished',2,675,0,'adminSystemUi',128),(678,198,'enumset:title','`fieldId` = \"66\"','finished',3,'finished',3,'finished',3,'finished',3,678,0,'adminSystemUi',58),(680,200,'enumset:title','`fieldId` = \"2197\"','finished',4,'finished',4,'finished',4,'finished',4,680,0,'adminSystemUi',384),(681,201,'enumset:title','`fieldId` = \"2239\"','finished',4,'finished',4,'finished',4,'finished',4,681,0,'adminSystemUi',361),(682,202,'enumset:title','`fieldId` = \"2159\"','finished',4,'finished',4,'finished',4,'finished',4,682,0,'adminSystemUi',318),(683,203,'enumset:title','`fieldId` = \"2210\"','finished',2,'finished',2,'finished',2,'finished',2,683,0,'adminSystemUi',138),(686,206,'grid:summaryText','`sectionId` IN (1,2,5,6,7,8,10,11,12,13,14,16,22,101,201,224,389,390,387,388,391,392,393,394,396,405,406,407)','finished',260,'finished',260,'finished',260,'finished',260,686,0,'adminSystemUi',0),(687,206,'grid:summaryText','`sectionId` IN (403)','finished',0,'finished',0,'finished',0,'finished',0,687,0,'adminCustomUi',0),(726,236,'enumset:title','`fieldId` = \"2381\"','finished',4,'finished',4,'finished',4,'finished',4,726,0,'adminSystemUi',51),(727,237,'enumset:title','`fieldId` = \"2362\"','finished',3,'finished',3,'finished',3,'finished',3,727,0,'adminSystemUi',25),(688,207,'enumset:title','`fieldId` = \"2205\"','finished',3,'finished',3,'finished',3,'finished',3,688,0,'adminSystemUi',28),(689,208,'enumset:title','`fieldId` = \"2432\"','finished',2,'finished',2,'finished',2,'finished',2,689,0,'adminSystemUi',129),(690,209,'enumset:title','`fieldId` = \"2238\"','finished',2,'finished',2,'finished',2,'finished',2,690,0,'adminSystemUi',132),(691,210,'enumset:title','`fieldId` = \"2325\"','finished',2,'finished',2,'finished',2,'finished',2,691,0,'adminSystemUi',11),(692,211,'enumset:title','`fieldId` = \"2328\"','finished',4,'finished',4,'finished',4,'finished',4,692,0,'adminSystemUi',359),(693,212,'enumset:title','`fieldId` = \"2329\"','finished',4,'finished',4,'finished',4,'finished',4,693,0,'adminSystemUi',359),(694,213,'enumset:title','`fieldId` = \"2331\"','finished',4,'finished',4,'finished',4,'finished',4,694,0,'adminSystemUi',359),(695,214,'enumset:title','`fieldId` = \"2332\"','finished',4,'finished',4,'finished',4,'finished',4,695,0,'adminSystemUi',359),(696,215,'enumset:title','`fieldId` = \"2333\"','finished',4,'finished',4,'finished',4,'finished',4,696,0,'adminSystemUi',359),(697,216,'enumset:title','`fieldId` = \"2334\"','finished',4,'finished',4,'finished',4,'finished',4,697,0,'adminSystemUi',359),(698,217,'enumset:title','`fieldId` = \"2288\"','finished',12,'finished',12,'finished',12,'finished',12,698,0,'adminSystemUi',68),(699,218,'month:title','','finished',0,'finished',0,'finished',0,'finished',0,699,0,'adminSystemUi',0),(700,218,'month:title','','finished',0,'finished',0,'finished',0,'finished',0,700,0,'adminCustomUi',0),(701,219,'enumset:title','`fieldId` = \"2321\"','finished',2,'finished',2,'finished',2,'finished',2,701,0,'adminSystemUi',41),(702,220,'enumset:title','`fieldId` = \"2258\"','finished',2,'finished',2,'finished',2,'finished',2,702,0,'adminSystemUi',134),(703,221,'enumset:title','`fieldId` = \"2261\"','finished',2,'finished',2,'finished',2,'finished',2,703,0,'adminSystemUi',66),(704,222,'notice:tooltip','`type` = \"s\"','finished',0,'finished',0,'finished',0,'finished',0,704,0,'adminSystemUi',0),(705,222,'notice:tooltip','`type` = \"p\"','finished',0,'finished',0,'finished',0,'finished',0,705,0,'adminCustomUi',0),(706,223,'enumset:title','`fieldId` = \"2267\"','finished',3,'finished',3,'finished',3,'finished',3,706,0,'adminSystemUi',29),(707,224,'notice:tplIncSubj','`type` = \"s\"','finished',0,'finished',0,'finished',0,'finished',0,707,0,'adminSystemUi',0),(708,224,'notice:tplIncSubj','`type` = \"p\"','finished',0,'finished',0,'finished',0,'finished',0,708,0,'adminCustomUi',0),(709,225,'notice:tplIncBody','`type` = \"s\"','finished',0,'finished',0,'finished',0,'finished',0,709,0,'adminSystemUi',0),(710,225,'notice:tplIncBody','`type` = \"p\"','finished',0,'finished',0,'finished',0,'finished',0,710,0,'adminCustomUi',0),(711,226,'notice:tplDecSubj','`type` = \"s\"','finished',0,'finished',0,'finished',0,'finished',0,711,0,'adminSystemUi',0),(712,226,'notice:tplDecSubj','`type` = \"p\"','finished',0,'finished',0,'finished',0,'finished',0,712,0,'adminCustomUi',0),(713,227,'notice:tplDecBody','`type` = \"s\"','finished',0,'finished',0,'finished',0,'finished',0,713,0,'adminSystemUi',0),(714,227,'notice:tplDecBody','`type` = \"p\"','finished',0,'finished',0,'finished',0,'finished',0,714,0,'adminCustomUi',0),(715,228,'notice:tplEvtSubj','`type` = \"s\"','finished',0,'finished',0,'finished',0,'finished',0,715,0,'adminSystemUi',0),(716,228,'notice:tplEvtSubj','`type` = \"p\"','finished',0,'finished',0,'finished',0,'finished',0,716,0,'adminCustomUi',0),(717,229,'notice:tplEvtBody','`type` = \"s\"','finished',0,'finished',0,'finished',0,'finished',0,717,0,'adminSystemUi',0),(718,229,'notice:tplEvtBody','`type` = \"p\"','finished',0,'finished',0,'finished',0,'finished',0,718,0,'adminCustomUi',0),(719,230,'notice:title','`type` = \"s\"','finished',0,'finished',0,'finished',0,'finished',0,719,0,'adminSystemUi',0),(720,230,'notice:title','`type` = \"p\"','finished',0,'finished',0,'finished',0,'finished',0,720,0,'adminCustomUi',0),(721,231,'enumset:title','`fieldId` = \"2316\"','finished',2,'finished',2,'finished',2,'finished',2,721,0,'adminSystemUi',132),(722,232,'enumset:title','`fieldId` = \"2276\"','finished',2,'finished',2,'finished',2,'finished',2,722,0,'adminSystemUi',15),(723,233,'enumset:title','`fieldId` = \"2281\"','finished',2,'finished',2,'finished',2,'finished',2,723,0,'adminSystemUi',128),(724,234,'enumset:title','`fieldId` = \"2282\"','finished',2,'finished',2,'finished',2,'finished',2,724,0,'adminSystemUi',128),(725,235,'enumset:title','`fieldId` = \"2283\"','finished',2,'finished',2,'finished',2,'finished',2,725,0,'adminSystemUi',128),(728,238,'enumset:title','`fieldId` = \"2365\"','finished',3,'finished',3,'finished',3,'finished',3,728,0,'adminSystemUi',25),(729,239,'enumset:title','`fieldId` = \"2368\"','finished',4,'finished',4,'finished',4,'finished',4,729,0,'adminSystemUi',37),(730,240,'enumset:title','`fieldId` = \"2371\"','finished',3,'finished',3,'finished',3,'finished',3,730,0,'adminSystemUi',25),(731,241,'enumset:title','`fieldId` = \"2378\"','finished',3,'finished',3,'finished',3,'finished',3,731,0,'adminSystemUi',25),(732,242,'enumset:title','`fieldId` = \"2342\"','finished',4,'finished',4,'finished',4,'finished',4,732,0,'adminSystemUi',72),(733,242,'queueTask:stageState','','finished',70,'finished',70,'finished',70,'finished',70,733,732,'adminSystemUi',0),(734,243,'enumset:title','`fieldId` = \"2343\"','finished',3,'finished',3,'finished',3,'finished',3,734,0,'adminSystemUi',25),(735,243,'queueTask:stageState','','finished',71,'finished',71,'finished',71,'finished',71,735,734,'adminSystemUi',0),(736,244,'enumset:title','`fieldId` = \"2346\"','finished',3,'finished',3,'finished',3,'finished',3,736,0,'adminSystemUi',25),(737,245,'enumset:title','`fieldId` = \"2349\"','finished',3,'finished',3,'finished',3,'finished',3,737,0,'adminSystemUi',25),(738,246,'enumset:title','`fieldId` = \"2353\"','finished',4,'finished',4,'finished',4,'finished',4,738,0,'adminSystemUi',37),(739,247,'enumset:title','`fieldId` = \"2356\"','finished',3,'finished',3,'finished',3,'finished',3,739,0,'adminSystemUi',25),(740,248,'enumset:title','`fieldId` = \"2397\"','finished',3,'finished',3,'finished',3,'finished',3,740,0,'adminSystemUi',21),(741,249,'enumset:title','`fieldId` = \"2410\"','finished',3,'finished',3,'finished',3,'finished',3,741,0,'adminSystemUi',36),(742,250,'resize:title','','finished',0,'finished',0,'finished',0,'finished',0,742,0,'adminSystemUi',0),(743,250,'resize:title','','finished',0,'finished',0,'finished',0,'finished',0,743,0,'adminCustomUi',0),(744,251,'enumset:title','`fieldId` = \"111\"','finished',3,'finished',3,'finished',3,'finished',3,744,0,'adminSystemUi',53),(745,252,'enumset:title','`fieldId` = \"114\"','finished',2,'finished',2,'finished',2,'finished',2,745,0,'adminSystemUi',12),(746,253,'enumset:title','`fieldId` = \"594\"','finished',2,'finished',2,'finished',2,'finished',2,746,0,'adminSystemUi',5),(747,254,'enumset:title','`fieldId` = \"1445\"','finished',2,'finished',2,'finished',2,'finished',2,747,0,'adminSystemUi',132),(748,255,'enumset:title','`fieldId` = \"2203\"','finished',3,'finished',3,'finished',3,'finished',3,748,0,'adminSystemUi',28),(749,256,'enumset:title','`fieldId` = \"22\"','finished',3,'finished',3,'finished',3,'finished',3,749,0,'adminSystemUi',201),(750,257,'enumset:title','`fieldId` = \"1366\"','finished',3,'finished',3,'finished',3,'finished',3,750,0,'adminSystemUi',74),(751,258,'enumset:title','`fieldId` = \"2301\"','finished',4,'finished',4,'finished',4,'finished',4,751,0,'adminSystemUi',60),(752,259,'enumset:title','`fieldId` = \"1345\"','finished',2,'finished',2,'finished',2,'finished',2,752,0,'adminSystemUi',178),(753,260,'enumset:title','`fieldId` = \"2213\"','finished',3,'finished',3,'finished',3,'finished',3,753,0,'adminSystemUi',298),(754,261,'enumset:title','`fieldId` = \"557\"','finished',2,'finished',2,'finished',2,'finished',2,754,0,'adminSystemUi',234),(755,262,'enumset:title','`fieldId` = \"2312\"','finished',2,'finished',2,'finished',2,'finished',2,755,0,'adminSystemUi',222),(756,263,'enumset:title','`fieldId` = \"2310\"','finished',2,'finished',2,'finished',2,'finished',2,756,0,'adminSystemUi',175),(757,264,'enumset:title','`fieldId` = \"29\"','finished',2,'finished',2,'finished',2,'finished',2,757,0,'adminSystemUi',134),(758,265,'enumset:title','`fieldId` = \"2212\"','finished',3,'finished',3,'finished',3,'finished',3,758,0,'adminSystemUi',203),(759,266,'enumset:title','`fieldId` = \"2214\"','finished',2,'finished',2,'finished',2,'finished',2,759,0,'adminSystemUi',140),(760,267,'enumset:title','`fieldId` = \"2386\"','finished',4,'finished',4,'finished',4,'finished',4,760,0,'adminSystemUi',361);
/*!40000 ALTER TABLE `queuechunk` ENABLE KEYS */;
UNLOCK TABLES;

--
-- Table structure for table `queueitem`
--

DROP TABLE IF EXISTS `queueitem`;
/*!40101 SET @saved_cs_client     = @@character_set_client */;
/*!40101 SET character_set_client = utf8 */;
CREATE TABLE `queueitem` (
  `id` int(11) NOT NULL AUTO_INCREMENT,
  `queueTaskId` int(11) NOT NULL DEFAULT '0',
  `queueChunkId` int(11) NOT NULL DEFAULT '0',
  `target` varchar(255) NOT NULL DEFAULT '',
  `value` text NOT NULL,
  `result` text NOT NULL,
  `stage` enum('items','queue','apply') NOT NULL DEFAULT 'items',
  PRIMARY KEY (`id`),
  KEY `queueTaskId` (`queueTaskId`),
  KEY `queueChunkId` (`queueChunkId`),
  KEY `stage` (`stage`),
  FULLTEXT KEY `value` (`value`),
  FULLTEXT KEY `result` (`result`)
) ENGINE=MyISAM AUTO_INCREMENT=2258 DEFAULT CHARSET=utf8;
/*!40101 SET character_set_client = @saved_cs_client */;

--
-- Dumping data for table `queueitem`
--

LOCK TABLES `queueitem` WRITE;
/*!40000 ALTER TABLE `queueitem` DISABLE KEYS */;
INSERT INTO `queueitem` VALUES (1527,178,652,'24','Higher','Move up','apply'),(1524,177,650,'1082','<span class=\"i-color-box\" style=\"background: lightgray;\"></span>Нет','{\"en\":\"<span class=\\u0022i-color-box\\u0022 style=\\u0022background: lightgray;\\u0022><\\/span>No\"}','apply'),(1518,173,640,'12','Administrator','{\"en\":\"Administrator\"}','apply'),(1519,174,643,'2563','Тип','Фракция','apply'),(1520,175,648,'1156','Проектная','{\"en\":\"Design\"}','apply'),(1521,175,648,'1157','<font color=red>Системная</font>','{\"en\":\"<font color=red>Systemic<\\/font>\"}','apply'),(1522,176,649,'11','<span class=\"i-color-box\" style=\"background: lime;\"></span>Включена','{\"en\":\"<span class=\\u0022i-color-box\\u0022 style=\\u0022background: lime;\\u0022><\\/span>Included\"}','apply'),(1611,193,671,'1030','<span class=\"i-color-box\" style=\"background: url(/i/admin/field/regular.png);\"></span>Обычное','{\"en\":\"<span class=\\u0022i-color-box\\u0022 style=\\u0022background: url(\\/i\\/admin\\/field\\/regular.png);\\u0022><\\/span>Common\"}','apply'),(1610,193,671,'1029','<span class=\"i-color-box\" style=\"background: url(/i/admin/field/inherit.png);\"></span>Без изменений','{\"en\":\"<span class=\\u0022i-color-box\\u0022 style=\\u0022background: url(\\/i\\/admin\\/field\\/inherit.png);\\u0022><\\/span>Without changes\"}','apply'),(1600,190,667,'1025','DATE, timeId, minuteQty','{\"en\":\"DATE, timeId, minuteQty\"}','apply'),(1589,188,665,'1081','<span class=\"i-color-box\" style=\"background: lime;\"></span>Да','{\"en\":\"<span class=\\u0022i-color-box\\u0022 style=\\u0022background: lime;\\u0022><\\/span>Yes\"}','apply'),(1587,187,664,'14','<span class=\"i-color-box\" style=\"background: red;\"></span>Выключен','{\"en\":\"<span class=\\u0022i-color-box\\u0022 style=\\u0022background: red;\\u0022><\\/span>Switched off\"}','apply'),(1585,186,663,'14','John Smith','{\"en\":\"John smith\"}','apply'),(1583,185,661,'984','<span class=\"i-color-box\" style=\"background: red;\"></span>Выключено','{\"en\":\"<span class=\\u0022i-color-box\\u0022 style=\\u0022background: red;\\u0022><\\/span>Turned off\"}','apply'),(1582,185,661,'983','<span class=\"i-color-box\" style=\"background: lime;\"></span>Включено','{\"en\":\"<span class=\\u0022i-color-box\\u0022 style=\\u0022background: lime;\\u0022><\\/span>Included\"}','apply'),(1579,183,659,'569','<font color=lime>Публичная</font>','{\"en\":\"<font color=lime>Public<\\/font>\"}','apply'),(1572,181,657,'227','Проектная','{\"en\":\"Design\"}','apply'),(1571,180,655,'318','Рилтайм','{\"en\":\"Riltime\"}','apply'),(1570,180,655,'316','Элемент очереди','{\"en\":\"Queue item\"}','apply'),(1569,180,655,'315','Сегмент очереди','{\"en\":\"Queue segment\"}','apply'),(1568,180,655,'314','Очередь задач','{\"en\":\"Task queue\"}','apply'),(1567,180,655,'313','Корректировка','{\"en\":\"Adjustment\"}','apply'),(1566,180,655,'312','Месяц','{\"en\":\"Month\"}','apply'),(1565,180,655,'311','Год','{\"en\":\"Year\"}','apply'),(1564,180,655,'310','Получатель уведомлений','{\"en\":\"Receiver of notifications\"}','apply'),(1563,180,655,'309','Уведомление','{\"en\":\"Notification\"}','apply'),(1562,180,655,'308','Зависимость','{\"en\":\"Addiction\"}','apply'),(1561,180,655,'307','Язык','{\"en\":\"Language\"}','apply'),(1560,180,655,'195','Фильтр','{\"en\":\"Filter\"}','apply'),(1559,180,655,'171','Поле, измененное в рамках раздела','{\"en\":\"Field changed within a section\"}','apply'),(1558,180,655,'91','Параметр','{\"en\":\"Parameter\"}','apply'),(1557,180,655,'20','Копия','{\"en\":\"Copy\"}','apply'),(1556,180,655,'11','Администратор','{\"en\":\"Administrator\"}','apply'),(1555,180,655,'10','Роль','{\"en\":\"Role\"}','apply'),(1554,180,655,'9','Столбец грида','{\"en\":\"Grid Column\"}','apply'),(1553,180,655,'8','Действие в разделе','{\"en\":\"Action in section\"}','apply'),(1552,180,655,'7','Действие','{\"en\":\"Act\"}','apply'),(1551,180,655,'6','Значение из набора','{\"en\":\"Set value\"}','apply'),(1550,180,655,'5','Поле','{\"en\":\"Field\"}','apply'),(1549,180,655,'4','Элемент управления','{\"en\":\"Control element\"}','apply'),(1548,180,655,'3','Раздел','{\"en\":\"Section\"}','apply'),(1547,180,655,'2','Сущность','{\"en\":\"The essence\"}','apply'),(1546,180,655,'1','Тип столбца','{\"en\":\"Column type\"}','apply'),(1545,179,654,'1640','Below','Move down','apply'),(1544,179,654,'1632','Below','Move down','apply'),(1543,179,654,'1593','Below','Move down','apply'),(1542,179,654,'1296','Below','Move down','apply'),(1541,179,654,'880','Below','Move down','apply'),(1540,179,654,'330','Below','Move down','apply'),(1539,179,654,'37','Below','Move down','apply'),(1538,179,654,'27','Below','Move down','apply'),(1537,179,654,'25','Below','Move down','apply'),(1630,194,673,'7','Год','{\"en\":\"Year\"}','apply'),(1629,194,673,'6','Дата','{\"en\":\"date\"}','apply'),(1628,194,673,'5','Цена','{\"en\":\"Price\"}','apply'),(1627,194,673,'4','Текст','{\"en\":\"Text\"}','apply'),(1526,178,652,'18','Higher','Move up','apply'),(1525,177,650,'1083','<span class=\"i-color-box\" style=\"background: lime;\"></span>Да','{\"en\":\"<span class=\\u0022i-color-box\\u0022 style=\\u0022background: lime;\\u0022><\\/span>Yes\"}','apply'),(1523,176,649,'12','<span class=\"i-color-box\" style=\"background: red;\"></span>Выключена','{\"en\":\"<span class=\\u0022i-color-box\\u0022 style=\\u0022background: red;\\u0022><\\/span>Off\"}','apply'),(1517,173,638,'1','Разработчик','{\"en\":\"The developer\"}','apply'),(1536,179,654,'19','Below','Move down','apply'),(1626,194,673,'3','Число','{\"en\":\"Number\"}','apply'),(1625,194,673,'1','Строка','{\"en\":\"Line\"}','apply'),(1624,194,672,'13','Цвет','{\"en\":\"Colour\"}','apply'),(1623,194,672,'12','Правда/Ложь','{\"en\":\"True False\"}','apply'),(1622,194,672,'11','Набор значений','{\"en\":\"Set of values\"}','apply'),(1621,194,672,'10','Одно значение из набора','{\"en\":\"One value from a set\"}','apply'),(1620,194,672,'9','Момент','{\"en\":\"Moment\"}','apply'),(1619,194,672,'8','Время','{\"en\":\"Time\"}','apply'),(1618,194,672,'7','Год','{\"en\":\"Year\"}','apply'),(1617,194,672,'6','Дата','{\"en\":\"date\"}','apply'),(1616,194,672,'5','Цена','{\"en\":\"Price\"}','apply'),(1615,194,672,'4','Текст','{\"en\":\"Text\"}','apply'),(1614,194,672,'3','Число','{\"en\":\"Number\"}','apply'),(1613,194,672,'1','Строка','{\"en\":\"Line\"}','apply'),(1612,193,671,'1031','<span class=\"i-color-box\" style=\"background: url(/i/admin/field/required.png);\"></span>Обязательное','{\"en\":\"<span class=\\u0022i-color-box\\u0022 style=\\u0022background: url(\\/i\\/admin\\/field\\/required.png);\\u0022><\\/span>Mandatory\"}','apply'),(1609,193,671,'1028','<span class=\"i-color-box\" style=\"background: url(/i/admin/field/readonly.png);\"></span>Только чтение','{\"en\":\"<span class=\\u0022i-color-box\\u0022 style=\\u0022background: url(\\/i\\/admin\\/field\\/readonly.png);\\u0022><\\/span>Only reading\"}','apply'),(1608,193,671,'1027','<span class=\"i-color-box\" style=\"background: url(/i/admin/field/hidden.png);\"></span>Скрытое','{\"en\":\"<span class=\\u0022i-color-box\\u0022 style=\\u0022background: url(\\/i\\/admin\\/field\\/hidden.png);\\u0022><\\/span>Hidden\"}','apply'),(1607,192,669,'220','','{\"en\":\"\"}','queue'),(1606,192,669,'219','','{\"en\":\"\"}','queue'),(1605,192,669,'216','','{\"en\":\"\"}','queue'),(1604,191,668,'993','Все, кроме','{\"en\":\"Everyone except\"}','apply'),(1603,191,668,'992','Никто, кроме','{\"en\":\"Nobody but\"}','apply'),(1602,191,668,'991','Все','{\"en\":\"Everything\"}','apply'),(1601,190,667,'1026','DATE, hh:mm-hh:mm','{\"en\":\"DATE, hh: mm-hh: mm\"}','apply'),(1599,190,667,'1024','DATE, TIME, minuteQty','{\"en\":\"DATE, TIME, minuteQty\"}','apply'),(1598,190,667,'1023','DATETIME, minuteQty','{\"en\":\"DATETIME, minuteQty\"}','apply'),(1597,190,667,'1022','DATE, dayQty','{\"en\":\"DATE, dayQty\"}','apply'),(1596,190,667,'1021','DATE, timeId','{\"en\":\"DATE, timeId\"}','apply'),(1595,190,667,'1020','DATE, TIME','{\"en\":\"DATE, TIME\"}','apply'),(1594,190,667,'1019','DATETIME','{\"en\":\"DATETIME\"}','apply'),(1593,190,667,'1018','DATE','{\"en\":\"DATE\"}','apply'),(1592,190,667,'1017','Нет','{\"en\":\"No\"}','apply'),(1591,189,666,'1087','<span class=\"i-color-box\" style=\"background: blue;\"></span>Включено','{\"en\":\"<span class=\\u0022i-color-box\\u0022 style=\\u0022background: blue;\\u0022><\\/span>Included\"}','apply'),(1590,189,666,'1086','<span class=\"i-color-box\" style=\"background: lightgray;\"></span>Выключено','{\"en\":\"<span class=\\u0022i-color-box\\u0022 style=\\u0022background: lightgray;\\u0022><\\/span>Turned off\"}','apply'),(1588,188,665,'1080','<span class=\"i-color-box\" style=\"background: lightgray;\"></span>Нет','{\"en\":\"<span class=\\u0022i-color-box\\u0022 style=\\u0022background: lightgray;\\u0022><\\/span>No\"}','apply'),(1586,187,664,'13','<span class=\"i-color-box\" style=\"background: lime;\"></span>Включен','{\"en\":\"<span class=\\u0022i-color-box\\u0022 style=\\u0022background: lime;\\u0022><\\/span>Included\"}','apply'),(1584,186,662,'1','Павел Перминов','{\"en\":\"Pavel Perminov\"}','apply'),(1581,184,660,'1183','Да','{\"en\":\"Yes\"}','apply'),(1580,184,660,'1182','Нет','{\"en\":\"No\"}','apply'),(1578,183,659,'568','<font color=red>Системная</font>','{\"en\":\"<font color=red>Systemic<\\/font>\"}','apply'),(1577,183,659,'567','Проектная','{\"en\":\"Design\"}','apply'),(1576,182,658,'113','Нет','{\"en\":\"No\"}','apply'),(1575,182,658,'112','Да','{\"en\":\"Yes\"}','apply'),(1574,181,657,'566','<font color=lime>Публичная</font>','{\"en\":\"<font color=lime>Public<\\/font>\"}','apply'),(1573,181,657,'228','<span style=\'color: red\'>Системная</span>','{\"en\":\"<span style=\'color: red\'>Systemic<\\/span>\"}','apply'),(1535,178,652,'1639','Higher','Move up','apply'),(1534,178,652,'1631','Higher','Move up','apply'),(1533,178,652,'1592','Higher','Move up','apply'),(1532,178,652,'1295','Higher','Move up','apply'),(1531,178,652,'879','Higher','Move up','apply'),(1530,178,652,'329','Higher','Move up','apply'),(1529,178,652,'36','Higher','Move up','apply'),(1528,178,652,'26','Higher','Move up','apply'),(1730,206,686,'34','','{\"en\":\"\"}','apply'),(1728,206,686,'32','','{\"en\":\"\"}','apply'),(1726,206,686,'29','','{\"en\":\"\"}','apply'),(1724,206,686,'26','','{\"en\":\"\"}','apply'),(1722,206,686,'24','','{\"en\":\"\"}','apply'),(1720,206,686,'20','','{\"en\":\"\"}','apply'),(1718,206,686,'17','','{\"en\":\"\"}','apply'),(1716,206,686,'15','','{\"en\":\"\"}','apply'),(1714,206,686,'13','','{\"en\":\"\"}','apply'),(1712,206,686,'10','','{\"en\":\"\"}','apply'),(1710,206,686,'8','','{\"en\":\"\"}','apply'),(1708,206,686,'6','','{\"en\":\"\"}','apply'),(1706,206,686,'4','','{\"en\":\"\"}','apply'),(1704,206,686,'2','','{\"en\":\"\"}','apply'),(1703,206,686,'1','','{\"en\":\"\"}','apply'),(1684,200,680,'982','<span class=\"i-color-box\" style=\"background: url(/i/admin/field/hidden.png);\"></span>Скрытое','{\"en\":\"<span class=\\u0022i-color-box\\u0022 style=\\u0022background: url(\\/i\\/admin\\/field\\/hidden.png);\\u0022><\\/span>Hidden\"}','apply'),(1674,197,677,'24','Цена','{\"en\":\"Price\"}','apply'),(1673,197,677,'23','Список','{\"en\":\"List\"}','apply'),(1672,197,677,'22','Скрытое поле','{\"en\":\"Hidden field\"}','apply'),(1671,197,677,'19','Момент','{\"en\":\"Moment\"}','apply'),(1670,197,677,'18','Число','{\"en\":\"Number\"}','apply'),(1669,197,677,'17','Время','{\"en\":\"Time\"}','apply'),(1668,197,677,'16','Группа полей','{\"en\":\"Field group\"}','apply'),(1667,197,677,'14','Файл','{\"en\":\"File\"}','apply'),(1666,197,677,'13','HTML-редактор','{\"en\":\"HTML editor\"}','apply'),(1665,197,677,'12','Календарь','{\"en\":\"The calendar\"}','apply'),(1664,197,677,'11','Цвет','{\"en\":\"Colour\"}','apply'),(1663,197,677,'9','Чекбокс','{\"en\":\"Checkbox\"}','apply'),(1662,197,677,'7','Чекбоксы','{\"en\":\"Checkboxes\"}','apply'),(1661,197,677,'6','Текст','{\"en\":\"Text\"}','apply'),(1660,197,677,'5','Радио-кнопки','{\"en\":\"Radio buttons\"}','apply'),(1659,197,677,'4','Порядок','{\"en\":\"Order\"}','apply'),(1658,197,677,'1','Строка','{\"en\":\"Line\"}','apply'),(1657,197,676,'24','Цена','{\"en\":\"Price\"}','apply'),(1656,197,676,'23','Список','{\"en\":\"List\"}','apply'),(1655,197,676,'22','Скрытое поле','{\"en\":\"Hidden field\"}','apply'),(1654,197,676,'19','Момент','{\"en\":\"Moment\"}','apply'),(1653,197,676,'18','Число','{\"en\":\"Number\"}','apply'),(1652,197,676,'17','Время','{\"en\":\"Time\"}','apply'),(1651,197,676,'16','Группа полей','{\"en\":\"Field group\"}','apply'),(1650,197,676,'14','Файл','{\"en\":\"File\"}','apply'),(1649,197,676,'13','HTML-редактор','{\"en\":\"HTML editor\"}','apply'),(1648,197,676,'12','Календарь','{\"en\":\"The calendar\"}','apply'),(1647,197,676,'11','Цвет','{\"en\":\"Colour\"}','apply'),(1646,197,676,'9','Чекбокс','{\"en\":\"Checkbox\"}','apply'),(1645,197,676,'7','Чекбоксы','{\"en\":\"Checkboxes\"}','apply'),(1644,197,676,'6','Текст','{\"en\":\"Text\"}','apply'),(1643,197,676,'5','Радио-кнопки','{\"en\":\"Radio buttons\"}','apply'),(1642,197,676,'4','Порядок','{\"en\":\"Order\"}','apply'),(1641,197,676,'1','Строка','{\"en\":\"Line\"}','apply'),(1640,196,675,'1073','<span class=\"i-color-box\" style=\"background: blue;\"></span>Да','{\"en\":\"<span class=\\u0022i-color-box\\u0022 style=\\u0022background: blue;\\u0022><\\/span>Yes\"}','apply'),(1639,196,675,'1072','<span class=\"i-color-box\" style=\"background: lightgray;\"></span>Нет','{\"en\":\"<span class=\\u0022i-color-box\\u0022 style=\\u0022background: lightgray;\\u0022><\\/span>No\"}','apply'),(1638,195,674,'2','Да','{\"en\":\"Yes\"}','apply'),(1637,195,674,'1','Нет','{\"en\":\"No\"}','apply'),(1636,194,673,'13','Цвет','{\"en\":\"Colour\"}','apply'),(1634,194,673,'11','Набор значений','{\"en\":\"Set of values\"}','apply'),(1633,194,673,'10','Одно значение из набора','{\"en\":\"One value from a set\"}','apply'),(1632,194,673,'9','Момент','{\"en\":\"Moment\"}','apply'),(1631,194,673,'8','Время','{\"en\":\"Time\"}','apply'),(1729,206,686,'33','','{\"en\":\"\"}','apply'),(1727,206,686,'30','','{\"en\":\"\"}','apply'),(1725,206,686,'27','','{\"en\":\"\"}','apply'),(1723,206,686,'25','','{\"en\":\"\"}','apply'),(1721,206,686,'23','','{\"en\":\"\"}','apply'),(1719,206,686,'18','','{\"en\":\"\"}','apply'),(1717,206,686,'16','','{\"en\":\"\"}','apply'),(1715,206,686,'14','','{\"en\":\"\"}','apply'),(1713,206,686,'11','','{\"en\":\"\"}','apply'),(1711,206,686,'9','','{\"en\":\"\"}','apply'),(1709,206,686,'7','','{\"en\":\"\"}','apply'),(1707,206,686,'5','','{\"en\":\"\"}','apply'),(1705,206,686,'3','','{\"en\":\"\"}','apply'),(1702,205,685,'1071','Текст','{\"en\":\"Text\"}','apply'),(1701,205,685,'1070','Максимум','{\"en\":\"Maximum\"}','apply'),(1700,205,685,'1069','Минимум','{\"en\":\"Minimum\"}','apply'),(1699,205,685,'1068','Среднее','{\"en\":\"Average\"}','apply'),(1698,205,685,'1067','Сумма','{\"en\":\"Amount\"}','apply'),(1697,205,685,'1066','Пусто','{\"en\":\"Empty\"}','apply'),(1696,204,684,'1075','Зафиксированные','{\"en\":\"The fixed\"}','apply'),(1695,204,684,'1074','Обычные','{\"en\":\"Regular\"}','apply'),(1694,203,683,'995','<span class=\"i-color-box\" style=\"background: blue;\"></span>Включен','{\"en\":\"<span class=\\u0022i-color-box\\u0022 style=\\u0022background: blue;\\u0022><\\/span>Included\"}','apply'),(1693,203,683,'994','<span class=\"i-color-box\" style=\"background: lightgray;\"></span>Выключен','{\"en\":\"<span class=\\u0022i-color-box\\u0022 style=\\u0022background: lightgray;\\u0022><\\/span>Switched off\"}','apply'),(1692,202,682,'1076','<span class=\"i-color-box\" style=\"background: lightgray; border: 1px solid blue;\"></span>Скрыт, но показан в развороте','{\"en\":\"<span class=\\u0022i-color-box\\u0022 style=\\u0022background: lightgray; border: 1px solid blue;\\u0022><\\/span>Hidden, but shown in a spread\"}','apply'),(1691,202,682,'1065','<span class=\"i-color-box\" style=\"background: lightgray;\"></span>Скрыт','{\"en\":\"<span class=\\u0022i-color-box\\u0022 style=\\u0022background: lightgray;\\u0022><\\/span>Is hidden\"}','apply'),(1690,202,682,'961','<span class=\"i-color-box\" style=\"background: red;\"></span>Выключен','{\"en\":\"<span class=\\u0022i-color-box\\u0022 style=\\u0022background: red;\\u0022><\\/span>Switched off\"}','apply'),(1689,202,682,'960','<span class=\"i-color-box\" style=\"background: lime;\"></span>Включен','{\"en\":\"<span class=\\u0022i-color-box\\u0022 style=\\u0022background: lime;\\u0022><\\/span>Included\"}','apply'),(1688,201,681,'1089','<span class=\"i-color-box\" style=\"background: blue; border: 3px solid lightgray;\"></span>В очереди на выключение','{\"en\":\"<span class=\\u0022i-color-box\\u0022 style=\\u0022background: blue; border: 3px solid lightgray;\\u0022><\\/span>Queued for shutdown\"}','apply'),(1687,201,681,'1088','<span class=\"i-color-box\" style=\"background: lightgray; border: 3px solid blue;\"></span>В очереди на включение','{\"en\":\"<span class=\\u0022i-color-box\\u0022 style=\\u0022background: lightgray; border: 3px solid blue;\\u0022><\\/span>Queued for inclusion\"}','apply'),(1686,201,681,'1013','<span class=\"i-color-box\" style=\"background: blue;\"></span>Включена','{\"en\":\"<span class=\\u0022i-color-box\\u0022 style=\\u0022background: blue;\\u0022><\\/span>Included\"}','apply'),(1685,201,681,'1012','<span class=\"i-color-box\" style=\"background: lightgray;\"></span>Выключена','{\"en\":\"<span class=\\u0022i-color-box\\u0022 style=\\u0022background: lightgray;\\u0022><\\/span>Off\"}','apply'),(1683,200,680,'981','<span class=\"i-color-box\" style=\"background: url(/i/admin/field/readonly.png);\"></span>Только чтение','{\"en\":\"<span class=\\u0022i-color-box\\u0022 style=\\u0022background: url(\\/i\\/admin\\/field\\/readonly.png);\\u0022><\\/span>Only reading\"}','apply'),(1682,200,680,'980','<span class=\"i-color-box\" style=\"background: url(/i/admin/field/required.png);\"></span>Обязательное','{\"en\":\"<span class=\\u0022i-color-box\\u0022 style=\\u0022background: url(\\/i\\/admin\\/field\\/required.png);\\u0022><\\/span>Mandatory\"}','apply'),(1681,200,680,'979','<span class=\"i-color-box\" style=\"background: url(/i/admin/field/regular.png);\"></span>Обычное','{\"en\":\"<span class=\\u0022i-color-box\\u0022 style=\\u0022background: url(\\/i\\/admin\\/field\\/regular.png);\\u0022><\\/span>Common\"}','apply'),(1680,199,679,'184','<span class=\"i-color-box\" style=\"background: url(/i/admin/btn-icon-login.png);\"></span>Да, но только один ключ','{\"en\":\"<span class=\\u0022i-color-box\\u0022 style=\\u0022background: url(\\/i\\/admin\\/btn-icon-login.png);\\u0022><\\/span>Yes, but only one key\"}','apply'),(1679,199,679,'183','<span class=\"i-color-box\" style=\"background: url(/i/admin/btn-icon-multikey.png);\"></span>Да, несколько ключей','{\"en\":\"<span class=\\u0022i-color-box\\u0022 style=\\u0022background: url(\\/i\\/admin\\/btn-icon-multikey.png);\\u0022><\\/span>Yes, multiple keys\"}','apply'),(1678,199,679,'181','<span class=\"i-color-box\" style=\"background: white;\"></span>Нет','{\"en\":\"<span class=\\u0022i-color-box\\u0022 style=\\u0022background: white;\\u0022><\\/span>No\"}','apply'),(1677,198,678,'64','С набором значений ключей','{\"en\":\"With a set of key values\"}','apply'),(1676,198,678,'63','Только с одним значением ключа','{\"en\":\"With only one key value\"}','apply'),(1675,198,678,'62','Нет','{\"en\":\"No\"}','apply'),(1635,194,673,'12','Правда/Ложь','{\"en\":\"True False\"}','apply'),(1856,206,686,'2544','','{\"en\":\"\"}','apply'),(1855,206,686,'2543','','{\"en\":\"\"}','apply'),(1853,206,686,'2541','','{\"en\":\"\"}','apply'),(1851,206,686,'2539','','{\"en\":\"\"}','apply'),(1849,206,686,'2523','','{\"en\":\"\"}','apply'),(1847,206,686,'2521','','{\"en\":\"\"}','apply'),(1845,206,686,'2519','','{\"en\":\"\"}','apply'),(1843,206,686,'2517','','{\"en\":\"\"}','apply'),(1841,206,686,'2515','','{\"en\":\"\"}','apply'),(1839,206,686,'2513','','{\"en\":\"\"}','apply'),(1837,206,686,'2511','','{\"en\":\"\"}','apply'),(1835,206,686,'2509','','{\"en\":\"\"}','apply'),(1833,206,686,'2507','','{\"en\":\"\"}','apply'),(1831,206,686,'2505','','{\"en\":\"\"}','apply'),(1829,206,686,'2503','','{\"en\":\"\"}','apply'),(1827,206,686,'2479','','{\"en\":\"\"}','apply'),(1825,206,686,'2477','','{\"en\":\"\"}','apply'),(1823,206,686,'2475','','{\"en\":\"\"}','apply'),(1821,206,686,'2473','','{\"en\":\"\"}','apply'),(1819,206,686,'2471','','{\"en\":\"\"}','apply'),(1817,206,686,'2469','','{\"en\":\"\"}','apply'),(1815,206,686,'2467','','{\"en\":\"\"}','apply'),(1813,206,686,'2465','','{\"en\":\"\"}','apply'),(1811,206,686,'2463','','{\"en\":\"\"}','apply'),(1809,206,686,'2461','','{\"en\":\"\"}','apply'),(1807,206,686,'2459','','{\"en\":\"\"}','apply'),(1805,206,686,'2452','','{\"en\":\"\"}','apply'),(1802,206,686,'2449','','{\"en\":\"\"}','apply'),(1803,206,686,'2450','','{\"en\":\"\"}','apply'),(1854,206,686,'2542','','{\"en\":\"\"}','apply'),(1852,206,686,'2540','','{\"en\":\"\"}','apply'),(1850,206,686,'2538','','{\"en\":\"\"}','apply'),(1848,206,686,'2522','','{\"en\":\"\"}','apply'),(1846,206,686,'2520','','{\"en\":\"\"}','apply'),(1844,206,686,'2518','','{\"en\":\"\"}','apply'),(1842,206,686,'2516','','{\"en\":\"\"}','apply'),(1840,206,686,'2514','','{\"en\":\"\"}','apply'),(1838,206,686,'2512','','{\"en\":\"\"}','apply'),(1836,206,686,'2510','','{\"en\":\"\"}','apply'),(1834,206,686,'2508','','{\"en\":\"\"}','apply'),(1832,206,686,'2506','','{\"en\":\"\"}','apply'),(1830,206,686,'2504','','{\"en\":\"\"}','apply'),(1828,206,686,'2502','','{\"en\":\"\"}','apply'),(1826,206,686,'2478','','{\"en\":\"\"}','apply'),(1824,206,686,'2476','','{\"en\":\"\"}','apply'),(1822,206,686,'2474','','{\"en\":\"\"}','apply'),(1820,206,686,'2472','','{\"en\":\"\"}','apply'),(1818,206,686,'2470','','{\"en\":\"\"}','apply'),(1816,206,686,'2468','','{\"en\":\"\"}','apply'),(1814,206,686,'2466','','{\"en\":\"\"}','apply'),(1812,206,686,'2464','','{\"en\":\"\"}','apply'),(1810,206,686,'2462','','{\"en\":\"\"}','apply'),(1808,206,686,'2460','','{\"en\":\"\"}','apply'),(1806,206,686,'2453','','{\"en\":\"\"}','apply'),(1804,206,686,'2451','','{\"en\":\"\"}','apply'),(1731,206,686,'35','','{\"en\":\"\"}','apply'),(1732,206,686,'36','','{\"en\":\"\"}','apply'),(1733,206,686,'37','','{\"en\":\"\"}','apply'),(1734,206,686,'38','','{\"en\":\"\"}','apply'),(1735,206,686,'39','','{\"en\":\"\"}','apply'),(1736,206,686,'42','','{\"en\":\"\"}','apply'),(1737,206,686,'43','','{\"en\":\"\"}','apply'),(1738,206,686,'46','','{\"en\":\"\"}','apply'),(1739,206,686,'89','','{\"en\":\"\"}','apply'),(1740,206,686,'90','','{\"en\":\"\"}','apply'),(1741,206,686,'91','','{\"en\":\"\"}','apply'),(1742,206,686,'92','','{\"en\":\"\"}','apply'),(1743,206,686,'93','','{\"en\":\"\"}','apply'),(1744,206,686,'94','','{\"en\":\"\"}','apply'),(1745,206,686,'341','','{\"en\":\"\"}','apply'),(1746,206,686,'383','','{\"en\":\"\"}','apply'),(1747,206,686,'443','','{\"en\":\"\"}','apply'),(1748,206,686,'1231','','{\"en\":\"\"}','apply'),(1749,206,686,'1332','','{\"en\":\"\"}','apply'),(1750,206,686,'1335','','{\"en\":\"\"}','apply'),(1751,206,686,'1382','','{\"en\":\"\"}','apply'),(1752,206,686,'1383','','{\"en\":\"\"}','apply'),(1753,206,686,'1384','','{\"en\":\"\"}','apply'),(1754,206,686,'1448','','{\"en\":\"\"}','apply'),(1755,206,686,'1656','','{\"en\":\"\"}','apply'),(1756,206,686,'1954','','{\"en\":\"\"}','apply'),(1757,206,686,'2280','','{\"en\":\"\"}','apply'),(1758,206,686,'2311','','{\"en\":\"\"}','apply'),(1759,206,686,'2312','','{\"en\":\"\"}','apply'),(1760,206,686,'2320','','{\"en\":\"\"}','apply'),(1761,206,686,'2321','','{\"en\":\"\"}','apply'),(1762,206,686,'2322','','{\"en\":\"\"}','apply'),(1763,206,686,'2323','','{\"en\":\"\"}','apply'),(1764,206,686,'2324','','{\"en\":\"\"}','apply'),(1765,206,686,'2325','','{\"en\":\"\"}','apply'),(1766,206,686,'2326','','{\"en\":\"\"}','apply'),(1767,206,686,'2327','','{\"en\":\"\"}','apply'),(1768,206,686,'2328','','{\"en\":\"\"}','apply'),(1769,206,686,'2329','','{\"en\":\"\"}','apply'),(1770,206,686,'2352','','{\"en\":\"\"}','apply'),(1771,206,686,'2353','','{\"en\":\"\"}','apply'),(1772,206,686,'2354','','{\"en\":\"\"}','apply'),(1773,206,686,'2356','','{\"en\":\"\"}','apply'),(1774,206,686,'2357','','{\"en\":\"\"}','apply'),(1775,206,686,'2358','','{\"en\":\"\"}','apply'),(1776,206,686,'2390','','{\"en\":\"\"}','apply'),(1777,206,686,'2391','','{\"en\":\"\"}','apply'),(1778,206,686,'2392','','{\"en\":\"\"}','apply'),(1779,206,686,'2393','','{\"en\":\"\"}','apply'),(1780,206,686,'2394','','{\"en\":\"\"}','apply'),(1781,206,686,'2395','','{\"en\":\"\"}','apply'),(1782,206,686,'2396','','{\"en\":\"\"}','apply'),(1783,206,686,'2397','','{\"en\":\"\"}','apply'),(1784,206,686,'2398','','{\"en\":\"\"}','apply'),(1785,206,686,'2399','','{\"en\":\"\"}','apply'),(1786,206,686,'2411','','{\"en\":\"\"}','apply'),(1787,206,686,'2412','','{\"en\":\"\"}','apply'),(1788,206,686,'2413','','{\"en\":\"\"}','apply'),(1789,206,686,'2414','','{\"en\":\"\"}','apply'),(1790,206,686,'2415','','{\"en\":\"\"}','apply'),(1791,206,686,'2417','','{\"en\":\"\"}','apply'),(1792,206,686,'2418','','{\"en\":\"\"}','apply'),(1793,206,686,'2419','','{\"en\":\"\"}','apply'),(1794,206,686,'2438','','{\"en\":\"\"}','apply'),(1795,206,686,'2439','','{\"en\":\"\"}','apply'),(1796,206,686,'2441','','{\"en\":\"\"}','apply'),(1797,206,686,'2442','','{\"en\":\"\"}','apply'),(1798,206,686,'2443','','{\"en\":\"\"}','apply'),(1799,206,686,'2445','','{\"en\":\"\"}','apply'),(1800,206,686,'2446','','{\"en\":\"\"}','apply'),(1801,206,686,'2447','','{\"en\":\"\"}','apply'),(1857,206,686,'2545','','{\"en\":\"\"}','apply'),(1858,206,686,'2546','','{\"en\":\"\"}','apply'),(1859,206,686,'2547','','{\"en\":\"\"}','apply'),(1860,206,686,'2548','','{\"en\":\"\"}','apply'),(1861,206,686,'2549','','{\"en\":\"\"}','apply'),(1862,206,686,'2550','','{\"en\":\"\"}','apply'),(1863,206,686,'2551','','{\"en\":\"\"}','apply'),(1864,206,686,'2552','','{\"en\":\"\"}','apply'),(1865,206,686,'2553','','{\"en\":\"\"}','apply'),(1866,206,686,'2558','','{\"en\":\"\"}','apply'),(1867,206,686,'2559','','{\"en\":\"\"}','apply'),(1868,206,686,'2560','','{\"en\":\"\"}','apply'),(1869,206,686,'2561','','{\"en\":\"\"}','apply'),(1870,206,686,'2562','','{\"en\":\"\"}','apply'),(1871,206,686,'2563','','{\"en\":\"\"}','apply'),(1872,206,686,'2564','','{\"en\":\"\"}','apply'),(1873,206,686,'2596','','{\"en\":\"\"}','apply'),(1874,206,686,'2597','','{\"en\":\"\"}','apply'),(1875,206,686,'2598','','{\"en\":\"\"}','apply'),(1876,206,686,'2599','','{\"en\":\"\"}','apply'),(1877,206,686,'2600','','{\"en\":\"\"}','apply'),(1878,206,686,'2601','','{\"en\":\"\"}','apply'),(1879,206,686,'2602','','{\"en\":\"\"}','apply'),(1880,206,686,'2603','','{\"en\":\"\"}','apply'),(1881,206,686,'2604','','{\"en\":\"\"}','apply'),(1882,206,686,'2605','','{\"en\":\"\"}','apply'),(1883,206,686,'2606','','{\"en\":\"\"}','apply'),(1884,206,686,'2607','','{\"en\":\"\"}','apply'),(1885,206,686,'2608','','{\"en\":\"\"}','apply'),(1886,206,686,'2609','','{\"en\":\"\"}','apply'),(1887,206,686,'2610','','{\"en\":\"\"}','apply'),(1888,206,686,'2611','','{\"en\":\"\"}','apply'),(1889,206,686,'2612','','{\"en\":\"\"}','apply'),(1890,206,686,'2613','','{\"en\":\"\"}','apply'),(1891,206,686,'2614','','{\"en\":\"\"}','apply'),(1892,206,686,'2615','','{\"en\":\"\"}','apply'),(1893,206,686,'2616','','{\"en\":\"\"}','apply'),(1894,206,686,'2617','','{\"en\":\"\"}','apply'),(1895,206,686,'2618','','{\"en\":\"\"}','apply'),(1896,206,686,'2619','','{\"en\":\"\"}','apply'),(1897,206,686,'2620','','{\"en\":\"\"}','apply'),(1898,206,686,'2621','','{\"en\":\"\"}','apply'),(1899,206,686,'2622','','{\"en\":\"\"}','apply'),(1900,206,686,'2623','','{\"en\":\"\"}','apply'),(1901,206,686,'2624','','{\"en\":\"\"}','apply'),(1902,206,686,'2625','','{\"en\":\"\"}','apply'),(1903,206,686,'2626','','{\"en\":\"\"}','apply'),(1904,206,686,'2627','','{\"en\":\"\"}','apply'),(1905,206,686,'2628','','{\"en\":\"\"}','apply'),(1906,206,686,'2629','','{\"en\":\"\"}','apply'),(1907,206,686,'2630','','{\"en\":\"\"}','apply'),(1908,206,686,'2631','','{\"en\":\"\"}','apply'),(1909,206,686,'2632','','{\"en\":\"\"}','apply'),(1910,206,686,'2633','','{\"en\":\"\"}','apply'),(1911,206,686,'2634','','{\"en\":\"\"}','apply'),(1912,206,686,'2635','','{\"en\":\"\"}','apply'),(1913,206,686,'2636','','{\"en\":\"\"}','apply'),(1914,206,686,'2637','','{\"en\":\"\"}','apply'),(1915,206,686,'2638','','{\"en\":\"\"}','apply'),(1916,206,686,'2639','','{\"en\":\"\"}','apply'),(1917,206,686,'2640','','{\"en\":\"\"}','apply'),(1918,206,686,'2641','','{\"en\":\"\"}','apply'),(1919,206,686,'2642','','{\"en\":\"\"}','apply'),(1920,206,686,'2643','','{\"en\":\"\"}','apply'),(1921,206,686,'2644','','{\"en\":\"\"}','apply'),(1922,206,686,'2645','','{\"en\":\"\"}','apply'),(1923,206,686,'2646','','{\"en\":\"\"}','apply'),(1924,206,686,'2647','','{\"en\":\"\"}','apply'),(1925,206,686,'2648','','{\"en\":\"\"}','apply'),(1926,206,686,'2649','','{\"en\":\"\"}','apply'),(1927,206,686,'2650','','{\"en\":\"\"}','apply'),(1928,206,686,'2651','','{\"en\":\"\"}','apply'),(1929,206,686,'2652','','{\"en\":\"\"}','apply'),(1930,206,686,'2653','','{\"en\":\"\"}','apply'),(1931,206,686,'2654','','{\"en\":\"\"}','apply'),(1932,206,686,'2655','','{\"en\":\"\"}','apply'),(1933,206,686,'2656','','{\"en\":\"\"}','apply'),(1934,206,686,'2657','','{\"en\":\"\"}','apply'),(1935,206,686,'2658','','{\"en\":\"\"}','apply'),(1936,206,686,'2659','','{\"en\":\"\"}','apply'),(1937,206,686,'2676','','{\"en\":\"\"}','apply'),(1938,206,686,'2677','','{\"en\":\"\"}','apply'),(1939,206,686,'2678','','{\"en\":\"\"}','apply'),(1940,206,686,'2679','','{\"en\":\"\"}','apply'),(1941,206,686,'2680','','{\"en\":\"\"}','apply'),(1942,206,686,'2681','','{\"en\":\"\"}','apply'),(1943,206,686,'2682','','{\"en\":\"\"}','apply'),(1944,206,686,'2683','','{\"en\":\"\"}','apply'),(1945,206,686,'2684','','{\"en\":\"\"}','apply'),(1946,206,686,'2685','','{\"en\":\"\"}','apply'),(1947,206,686,'2686','','{\"en\":\"\"}','apply'),(1948,206,686,'2687','','{\"en\":\"\"}','apply'),(1949,206,686,'2688','','{\"en\":\"\"}','apply'),(1950,206,686,'2689','','{\"en\":\"\"}','apply'),(1951,206,686,'2690','','{\"en\":\"\"}','apply'),(1952,206,686,'2691','','{\"en\":\"\"}','apply'),(1953,206,686,'2692','','{\"en\":\"\"}','apply'),(1954,206,686,'2693','','{\"en\":\"\"}','apply'),(1955,206,686,'2694','','{\"en\":\"\"}','apply'),(1956,206,686,'2695','','{\"en\":\"\"}','apply'),(1957,206,686,'2696','','{\"en\":\"\"}','apply'),(1958,206,686,'2697','','{\"en\":\"\"}','apply'),(1959,206,686,'2700','','{\"en\":\"\"}','apply'),(1960,206,686,'2701','','{\"en\":\"\"}','apply'),(1961,206,686,'2702','','{\"en\":\"\"}','apply'),(1962,206,686,'2705','','{\"en\":\"\"}','apply'),(1963,207,688,'988','Всем','{\"en\":\"To all\"}','apply'),(1964,207,688,'989','Никому, кроме','{\"en\":\"To nobody but\"}','apply'),(1965,207,688,'990','Всем, кроме','{\"en\":\"Everyone except\"}','apply'),(1966,208,689,'1184','<span class=\"i-color-box\" style=\"background: lightgray;\"></span>Нет','{\"en\":\"<span class=\\u0022i-color-box\\u0022 style=\\u0022background: lightgray;\\u0022><\\/span>No\"}','apply'),(1967,208,689,'1185','<span class=\"i-color-box\" style=\"background: blue;\"></span> Да','{\"en\":\"<span class=\\u0022i-color-box\\u0022 style=\\u0022background: blue;\\u0022><\\/span>Yes\"}','apply'),(1968,209,690,'1010','<span class=\"i-color-box\" style=\"background: lime;\"></span>Включен','{\"en\":\"<span class=\\u0022i-color-box\\u0022 style=\\u0022background: lime;\\u0022><\\/span>Included\"}','apply'),(1969,209,690,'1011','<span class=\"i-color-box\" style=\"background: red;\"></span>Выключен','{\"en\":\"<span class=\\u0022i-color-box\\u0022 style=\\u0022background: red;\\u0022><\\/span>Switched off\"}','apply'),(1970,210,691,'1090','Ничего','{\"en\":\"Nothing\"}','apply'),(1971,210,691,'1091','Чтото','{\"en\":\"Something\"}','apply'),(1972,211,692,'1092','<span class=\"i-color-box\" style=\"background: lightgray;\"></span>Выключен','{\"en\":\"<span class=\\u0022i-color-box\\u0022 style=\\u0022background: lightgray;\\u0022><\\/span>Switched off\"}','apply'),(1973,211,692,'1093','<span class=\"i-color-box\" style=\"background: lightgray; border: 3px solid blue;\"></span>В очереди на включение','{\"en\":\"<span class=\\u0022i-color-box\\u0022 style=\\u0022background: lightgray; border: 3px solid blue;\\u0022><\\/span>Queued for inclusion\"}','apply'),(1974,211,692,'1094','<span class=\"i-color-box\" style=\"background: blue;\"></span>Включен','{\"en\":\"<span class=\\u0022i-color-box\\u0022 style=\\u0022background: blue;\\u0022><\\/span>Included\"}','apply'),(1975,211,692,'1095','<span class=\"i-color-box\" style=\"background: blue; border: 3px solid lightgray;\"></span>В очереди на выключение','{\"en\":\"<span class=\\u0022i-color-box\\u0022 style=\\u0022background: blue; border: 3px solid lightgray;\\u0022><\\/span>Queued for shutdown\"}','apply'),(1976,212,693,'1096','<span class=\"i-color-box\" style=\"background: lightgray;\"></span>Выключен','{\"en\":\"<span class=\\u0022i-color-box\\u0022 style=\\u0022background: lightgray;\\u0022><\\/span>Switched off\"}','apply'),(1977,212,693,'1097','<span class=\"i-color-box\" style=\"background: lightgray; border: 3px solid blue;\"></span>В очереди на включение','{\"en\":\"<span class=\\u0022i-color-box\\u0022 style=\\u0022background: lightgray; border: 3px solid blue;\\u0022><\\/span>Queued for inclusion\"}','apply'),(1978,212,693,'1098','<span class=\"i-color-box\" style=\"background: blue;\"></span>Включен','{\"en\":\"<span class=\\u0022i-color-box\\u0022 style=\\u0022background: blue;\\u0022><\\/span>Included\"}','apply'),(1979,212,693,'1099','<span class=\"i-color-box\" style=\"background: blue; border: 3px solid lightgray;\"></span>В очереди на выключение','{\"en\":\"<span class=\\u0022i-color-box\\u0022 style=\\u0022background: blue; border: 3px solid lightgray;\\u0022><\\/span>Queued for shutdown\"}','apply'),(1980,213,694,'1100','<span class=\"i-color-box\" style=\"background: lightgray;\"></span>Выключен','{\"en\":\"<span class=\\u0022i-color-box\\u0022 style=\\u0022background: lightgray;\\u0022><\\/span>Switched off\"}','apply'),(1981,213,694,'1101','<span class=\"i-color-box\" style=\"background: lightgray; border: 3px solid blue;\"></span>В очереди на включение','{\"en\":\"<span class=\\u0022i-color-box\\u0022 style=\\u0022background: lightgray; border: 3px solid blue;\\u0022><\\/span>Queued for inclusion\"}','apply'),(1982,213,694,'1102','<span class=\"i-color-box\" style=\"background: blue;\"></span>Включен','{\"en\":\"<span class=\\u0022i-color-box\\u0022 style=\\u0022background: blue;\\u0022><\\/span>Included\"}','apply'),(1983,213,694,'1103','<span class=\"i-color-box\" style=\"background: blue; border: 3px solid lightgray;\"></span>В очереди на выключение','{\"en\":\"<span class=\\u0022i-color-box\\u0022 style=\\u0022background: blue; border: 3px solid lightgray;\\u0022><\\/span>Queued for shutdown\"}','apply'),(1984,214,695,'1104','<span class=\"i-color-box\" style=\"background: lightgray;\"></span>Выключен','{\"en\":\"<span class=\\u0022i-color-box\\u0022 style=\\u0022background: lightgray;\\u0022><\\/span>Switched off\"}','apply'),(1985,214,695,'1105','<span class=\"i-color-box\" style=\"background: lightgray; border: 3px solid blue;\"></span>В очереди на включение','{\"en\":\"<span class=\\u0022i-color-box\\u0022 style=\\u0022background: lightgray; border: 3px solid blue;\\u0022><\\/span>Queued for inclusion\"}','apply'),(1986,214,695,'1106','<span class=\"i-color-box\" style=\"background: blue;\"></span>Включен','{\"en\":\"<span class=\\u0022i-color-box\\u0022 style=\\u0022background: blue;\\u0022><\\/span>Included\"}','apply'),(1987,214,695,'1107','<span class=\"i-color-box\" style=\"background: blue; border: 3px solid lightgray;\"></span>В очереди на выключение','{\"en\":\"<span class=\\u0022i-color-box\\u0022 style=\\u0022background: blue; border: 3px solid lightgray;\\u0022><\\/span>Queued for shutdown\"}','apply'),(1988,215,696,'1108','<span class=\"i-color-box\" style=\"background: lightgray;\"></span>Выключен','{\"en\":\"<span class=\\u0022i-color-box\\u0022 style=\\u0022background: lightgray;\\u0022><\\/span>Switched off\"}','apply'),(1989,215,696,'1109','<span class=\"i-color-box\" style=\"background: lightgray; border: 3px solid blue;\"></span>В очереди на включение','{\"en\":\"<span class=\\u0022i-color-box\\u0022 style=\\u0022background: lightgray; border: 3px solid blue;\\u0022><\\/span>Queued for inclusion\"}','apply'),(1990,215,696,'1110','<span class=\"i-color-box\" style=\"background: blue;\"></span>Включен','{\"en\":\"<span class=\\u0022i-color-box\\u0022 style=\\u0022background: blue;\\u0022><\\/span>Included\"}','apply'),(1991,215,696,'1111','<span class=\"i-color-box\" style=\"background: blue; border: 3px solid lightgray;\"></span>В очереди на выключение','{\"en\":\"<span class=\\u0022i-color-box\\u0022 style=\\u0022background: blue; border: 3px solid lightgray;\\u0022><\\/span>Queued for shutdown\"}','apply'),(1992,216,697,'1112','<span class=\"i-color-box\" style=\"background: lightgray;\"></span>Выключен','{\"en\":\"<span class=\\u0022i-color-box\\u0022 style=\\u0022background: lightgray;\\u0022><\\/span>Switched off\"}','apply'),(1993,216,697,'1113','<span class=\"i-color-box\" style=\"background: lightgray; border: 3px solid blue;\"></span>В очереди на включение','{\"en\":\"<span class=\\u0022i-color-box\\u0022 style=\\u0022background: lightgray; border: 3px solid blue;\\u0022><\\/span>Queued for inclusion\"}','apply'),(1994,216,697,'1114','<span class=\"i-color-box\" style=\"background: blue;\"></span>Включен','{\"en\":\"<span class=\\u0022i-color-box\\u0022 style=\\u0022background: blue;\\u0022><\\/span>Included\"}','apply'),(1995,216,697,'1115','<span class=\"i-color-box\" style=\"background: blue; border: 3px solid lightgray;\"></span>В очереди на выключение','{\"en\":\"<span class=\\u0022i-color-box\\u0022 style=\\u0022background: blue; border: 3px solid lightgray;\\u0022><\\/span>Queued for shutdown\"}','apply'),(1996,217,698,'1049','Январь','{\"en\":\"January\"}','apply'),(1997,217,698,'1050','Февраль','{\"en\":\"February\"}','apply'),(1998,217,698,'1051','Март','{\"en\":\"March\"}','apply'),(1999,217,698,'1052','Апрель','{\"en\":\"April\"}','apply'),(2000,217,698,'1053','Май','{\"en\":\"May\"}','apply'),(2001,217,698,'1054','Июнь','{\"en\":\"June\"}','apply'),(2002,217,698,'1055','Июль','{\"en\":\"July\"}','apply'),(2003,217,698,'1056','Август','{\"en\":\"August\"}','apply'),(2004,217,698,'1057','Сентябрь','{\"en\":\"September\"}','apply'),(2005,217,698,'1058','Октябрь','{\"en\":\"October\"}','apply'),(2006,217,698,'1059','Ноябрь','{\"en\":\"November\"}','apply'),(2007,217,698,'1060','Декабрь','{\"en\":\"December\"}','apply'),(2008,219,701,'1084','Проектное','{\"en\":\"Design\"}','apply'),(2009,219,701,'1085','<font color=red>Системное</font>','{\"en\":\"<font color=red>Systemic<\\/font>\"}','apply'),(2010,220,702,'1032','<span class=\"i-color-box\" style=\"background: lime;\"></span>Включено','{\"en\":\"<span class=\\u0022i-color-box\\u0022 style=\\u0022background: lime;\\u0022><\\/span>Included\"}','apply'),(2011,220,702,'1033','<span class=\"i-color-box\" style=\"background: red;\"></span>Выключено','{\"en\":\"<span class=\\u0022i-color-box\\u0022 style=\\u0022background: red;\\u0022><\\/span>Turned off\"}','apply'),(2012,221,703,'1034','Одинаковое для всех получателей','{\"en\":\"Same for all recipients\"}','apply'),(2013,221,703,'1035','Неодинаковое, зависит от получателя','{\"en\":\"Not the same, depends on the recipient\"}','apply'),(2014,223,706,'1036','Увеличение','{\"en\":\"Magnification\"}','apply'),(2015,223,706,'1037','Уменьшение','{\"en\":\"Decrease\"}','apply'),(2016,223,706,'1038','Изменение','{\"en\":\"Change\"}','apply'),(2017,231,721,'1077','<span class=\"i-color-box\" style=\"background: lime;\"></span>Включен','{\"en\":\"<span class=\\u0022i-color-box\\u0022 style=\\u0022background: lime;\\u0022><\\/span>Included\"}','apply'),(2018,231,721,'1078','<span class=\"i-color-box\" style=\"background: red;\"></span>Выключен','{\"en\":\"<span class=\\u0022i-color-box\\u0022 style=\\u0022background: red;\\u0022><\\/span>Switched off\"}','apply'),(2019,232,722,'1039','Общий','{\"en\":\"General\"}','apply'),(2020,232,722,'1040','Раздельный','{\"en\":\"Separated\"}','apply'),(2021,233,723,'1041','<span class=\"i-color-box\" style=\"background: lightgray;\"></span>Нет','{\"en\":\"<span class=\\u0022i-color-box\\u0022 style=\\u0022background: lightgray;\\u0022><\\/span>No\"}','apply'),(2022,233,723,'1042','<span class=\"i-color-box\" style=\"background: lime;\"></span>Да','{\"en\":\"<span class=\\u0022i-color-box\\u0022 style=\\u0022background: lime;\\u0022><\\/span>Yes\"}','apply'),(2023,234,724,'1043','<span class=\"i-color-box\" style=\"background: lightgray;\"></span>Нет','{\"en\":\"<span class=\\u0022i-color-box\\u0022 style=\\u0022background: lightgray;\\u0022><\\/span>No\"}','apply'),(2024,234,724,'1044','<span class=\"i-color-box\" style=\"background: lime;\"></span>Да','{\"en\":\"<span class=\\u0022i-color-box\\u0022 style=\\u0022background: lime;\\u0022><\\/span>Yes\"}','apply'),(2025,235,725,'1045','<span class=\"i-color-box\" style=\"background: lightgray;\"></span>Нет','{\"en\":\"<span class=\\u0022i-color-box\\u0022 style=\\u0022background: lightgray;\\u0022><\\/span>No\"}','apply'),(2026,235,725,'1046','<span class=\"i-color-box\" style=\"background: lime;\"></span>Да','{\"en\":\"<span class=\\u0022i-color-box\\u0022 style=\\u0022background: lime;\\u0022><\\/span>Yes\"}','apply'),(2027,236,726,'1152','Не указана','{\"en\":\"Not specified\"}','apply'),(2028,236,726,'1153','AdminSystemUi','{\"en\":\"AdminSystemUi\"}','apply'),(2029,236,726,'1154','AdminCustomUi','{\"en\":\"AdminCustomUi\"}','apply'),(2030,236,726,'1155','AdminCustomData','{\"en\":\"AdminCustomData\"}','apply'),(2031,237,727,'1136','Ожидание','{\"en\":\"Expectation\"}','apply'),(2032,237,727,'1137','В работе','{\"en\":\"In work\"}','apply'),(2033,237,727,'1138','Завершено','{\"en\":\"Completed\"}','apply'),(2034,238,728,'1139','Ожидание','{\"en\":\"Expectation\"}','apply'),(2035,238,728,'1140','В работе','{\"en\":\"In work\"}','apply'),(2036,238,728,'1141','Завершено','{\"en\":\"Completed\"}','apply'),(2037,239,729,'1142','Ожидание','{\"en\":\"Expectation\"}','apply'),(2038,239,729,'1143','В работе','{\"en\":\"In work\"}','apply'),(2039,239,729,'1144','Завершено','{\"en\":\"Completed\"}','apply'),(2040,239,729,'1145','Не требуется','{\"en\":\"Not required\"}','apply'),(2041,240,730,'1146','Ожидание','{\"en\":\"Expectation\"}','apply'),(2042,240,730,'1147','В работе','{\"en\":\"In work\"}','apply'),(2043,240,730,'1148','Завершено','{\"en\":\"Completed\"}','apply'),(2044,241,731,'1149','Добавлен','{\"en\":\"Added\"}','apply'),(2045,241,731,'1150','Обработан','{\"en\":\"Processed\"}','apply'),(2046,241,731,'1151','Применен','{\"en\":\"Applied\"}','apply'),(2047,242,732,'1116','Оценка масштабов','{\"en\":\"Scope assessment\"}','apply'),(2048,242,732,'1117','Создание очереди','{\"en\":\"Queue creation\"}','apply'),(2049,242,732,'1118','Процессинг очереди','{\"en\":\"Queue processing\"}','apply'),(2050,242,732,'1119','Применение результатов','{\"en\":\"Application of results\"}','apply'),(2051,242,733,'173','Применение результатов - Завершено','{\"en\":\"Application of results - Завершено\"}','apply'),(2052,242,733,'174','Применение результатов - Завершено','{\"en\":\"Application of results - Завершено\"}','apply'),(2053,242,733,'175','Применение результатов - Завершено','{\"en\":\"Application of results - Завершено\"}','apply'),(2054,242,733,'176','Применение результатов - Завершено','{\"en\":\"Application of results - Завершено\"}','apply'),(2055,242,733,'177','Применение результатов - Завершено','{\"en\":\"Application of results - Завершено\"}','apply'),(2056,242,733,'178','Применение результатов - Завершено','{\"en\":\"Application of results - Завершено\"}','apply'),(2057,242,733,'179','Применение результатов - Завершено','{\"en\":\"Application of results - Завершено\"}','apply'),(2058,242,733,'180','Применение результатов - Завершено','{\"en\":\"Application of results - Завершено\"}','apply'),(2059,242,733,'181','Применение результатов - Завершено','{\"en\":\"Application of results - Завершено\"}','apply'),(2060,242,733,'182','Применение результатов - Завершено','{\"en\":\"Application of results - Завершено\"}','apply'),(2061,242,733,'183','Применение результатов - Завершено','{\"en\":\"Application of results - Завершено\"}','apply'),(2062,242,733,'184','Применение результатов - Завершено','{\"en\":\"Application of results - Завершено\"}','apply'),(2063,242,733,'185','Применение результатов - Завершено','{\"en\":\"Application of results - Завершено\"}','apply'),(2064,242,733,'186','Применение результатов - Завершено','{\"en\":\"Application of results - Завершено\"}','apply'),(2065,242,733,'187','Применение результатов - Завершено','{\"en\":\"Application of results - Завершено\"}','apply'),(2066,242,733,'188','Применение результатов - Завершено','{\"en\":\"Application of results - Завершено\"}','apply'),(2067,242,733,'189','Применение результатов - Завершено','{\"en\":\"Application of results - Завершено\"}','apply'),(2068,242,733,'190','Применение результатов - Завершено','{\"en\":\"Application of results - Завершено\"}','apply'),(2069,242,733,'191','Применение результатов - Завершено','{\"en\":\"Application of results - Завершено\"}','apply'),(2070,242,733,'192','Применение результатов - В работе','{\"en\":\"Application of results - В работе\"}','apply'),(2071,242,733,'193','Применение результатов - Завершено','{\"en\":\"Application of results - Завершено\"}','apply'),(2072,242,733,'194','Применение результатов - Завершено','{\"en\":\"Application of results - Завершено\"}','apply'),(2073,242,733,'195','Применение результатов - Завершено','{\"en\":\"Application of results - Завершено\"}','apply'),(2074,242,733,'196','Применение результатов - Завершено','{\"en\":\"Application of results - Завершено\"}','apply'),(2075,242,733,'197','Применение результатов - Завершено','{\"en\":\"Application of results - Завершено\"}','apply'),(2076,242,733,'198','Применение результатов - Завершено','{\"en\":\"Application of results - Завершено\"}','apply'),(2077,242,733,'199','Применение результатов - Завершено','{\"en\":\"Application of results - Завершено\"}','apply'),(2078,242,733,'200','Применение результатов - Завершено','{\"en\":\"Application of results - Завершено\"}','apply'),(2079,242,733,'201','Применение результатов - Завершено','{\"en\":\"Application of results - Завершено\"}','apply'),(2080,242,733,'202','Применение результатов - Завершено','{\"en\":\"Application of results - Завершено\"}','apply'),(2081,242,733,'203','Применение результатов - Завершено','{\"en\":\"Application of results - Завершено\"}','apply'),(2082,242,733,'204','Применение результатов - Завершено','{\"en\":\"Application of results - Завершено\"}','apply'),(2083,242,733,'205','Применение результатов - Завершено','{\"en\":\"Application of results - Завершено\"}','apply'),(2084,242,733,'206','Применение результатов - Завершено','{\"en\":\"Application of results - Завершено\"}','apply'),(2085,242,733,'207','Применение результатов - Завершено','{\"en\":\"Application of results - Завершено\"}','apply'),(2086,242,733,'208','Применение результатов - Завершено','{\"en\":\"Application of results - Завершено\"}','apply'),(2087,242,733,'209','Применение результатов - Завершено','{\"en\":\"Application of results - Завершено\"}','apply'),(2088,242,733,'210','Применение результатов - Завершено','{\"en\":\"Application of results - Завершено\"}','apply'),(2089,242,733,'211','Применение результатов - Завершено','{\"en\":\"Application of results - Завершено\"}','apply'),(2090,242,733,'212','Применение результатов - Завершено','{\"en\":\"Application of results - Завершено\"}','apply'),(2091,242,733,'213','Применение результатов - Завершено','{\"en\":\"Application of results - Завершено\"}','apply'),(2092,242,733,'214','Применение результатов - Завершено','{\"en\":\"Application of results - Завершено\"}','apply'),(2093,242,733,'215','Применение результатов - Завершено','{\"en\":\"Application of results - Завершено\"}','apply'),(2094,242,733,'216','Применение результатов - Завершено','{\"en\":\"Application of results - Завершено\"}','apply'),(2095,242,733,'217','Применение результатов - Завершено','{\"en\":\"Application of results - Завершено\"}','apply'),(2096,242,733,'218','Применение результатов - Завершено','{\"en\":\"Application of results - Завершено\"}','apply'),(2097,242,733,'219','Применение результатов - Завершено','{\"en\":\"Application of results - Завершено\"}','apply'),(2098,242,733,'220','Применение результатов - Завершено','{\"en\":\"Application of results - Завершено\"}','apply'),(2099,242,733,'221','Применение результатов - Завершено','{\"en\":\"Application of results - Завершено\"}','apply'),(2100,242,733,'222','Применение результатов - Завершено','{\"en\":\"Application of results - Завершено\"}','apply'),(2101,242,733,'223','Применение результатов - Завершено','{\"en\":\"Application of results - Завершено\"}','apply'),(2102,242,733,'224','Применение результатов - Завершено','{\"en\":\"Application of results - Завершено\"}','apply'),(2103,242,733,'225','Применение результатов - Завершено','{\"en\":\"Application of results - Завершено\"}','apply'),(2104,242,733,'226','Применение результатов - Завершено','{\"en\":\"Application of results - Завершено\"}','apply'),(2105,242,733,'227','Применение результатов - Завершено','{\"en\":\"Application of results - Завершено\"}','apply'),(2106,242,733,'228','Применение результатов - Завершено','{\"en\":\"Application of results - Завершено\"}','apply'),(2107,242,733,'229','Применение результатов - Завершено','{\"en\":\"Application of results - Завершено\"}','apply'),(2108,242,733,'230','Применение результатов - Завершено','{\"en\":\"Application of results - Завершено\"}','apply'),(2109,242,733,'231','Применение результатов - Завершено','{\"en\":\"Application of results - Завершено\"}','apply'),(2110,242,733,'232','Применение результатов - Завершено','{\"en\":\"Application of results - Завершено\"}','apply'),(2111,242,733,'233','Применение результатов - Завершено','{\"en\":\"Application of results - Завершено\"}','apply'),(2112,242,733,'234','Применение результатов - Завершено','{\"en\":\"Application of results - Завершено\"}','apply'),(2113,242,733,'235','Применение результатов - Завершено','{\"en\":\"Application of results - Завершено\"}','apply'),(2114,242,733,'236','Применение результатов - Завершено','{\"en\":\"Application of results - Завершено\"}','apply'),(2115,242,733,'237','Применение результатов - Завершено','{\"en\":\"Application of results - Завершено\"}','apply'),(2116,242,733,'238','Применение результатов - Завершено','{\"en\":\"Application of results - Завершено\"}','apply'),(2117,242,733,'239','Применение результатов - Завершено','{\"en\":\"Application of results - Завершено\"}','apply'),(2118,242,733,'240','Применение результатов - Завершено','{\"en\":\"Application of results - Завершено\"}','apply'),(2119,242,733,'241','Применение результатов - Завершено','{\"en\":\"Application of results - Завершено\"}','apply'),(2120,242,733,'242','Создание очереди - В работе','{\"en\":\"Queue processing - В работе\"}','apply'),(2121,243,734,'1120','Ожидание','{\"en\":\"Expectation\"}','apply'),(2122,243,734,'1121','В работе','{\"en\":\"In work\"}','apply'),(2123,243,734,'1122','Завершено','{\"en\":\"Completed\"}','apply'),(2124,243,735,'173','Применение результатов - Завершено','{\"en\":\"Application of results - Completed\"}','apply'),(2125,243,735,'174','Применение результатов - Завершено','{\"en\":\"Application of results - Completed\"}','apply'),(2126,243,735,'175','Применение результатов - Завершено','{\"en\":\"Application of results - Completed\"}','apply'),(2127,243,735,'176','Применение результатов - Завершено','{\"en\":\"Application of results - Completed\"}','apply'),(2128,243,735,'177','Применение результатов - Завершено','{\"en\":\"Application of results - Completed\"}','apply'),(2129,243,735,'178','Применение результатов - Завершено','{\"en\":\"Application of results - Completed\"}','apply'),(2130,243,735,'179','Применение результатов - Завершено','{\"en\":\"Application of results - Completed\"}','apply'),(2131,243,735,'180','Применение результатов - Завершено','{\"en\":\"Application of results - Completed\"}','apply'),(2132,243,735,'181','Применение результатов - Завершено','{\"en\":\"Application of results - Completed\"}','apply'),(2133,243,735,'182','Применение результатов - Завершено','{\"en\":\"Application of results - Completed\"}','apply'),(2134,243,735,'183','Применение результатов - Завершено','{\"en\":\"Application of results - Completed\"}','apply'),(2135,243,735,'184','Применение результатов - Завершено','{\"en\":\"Application of results - Completed\"}','apply'),(2136,243,735,'185','Применение результатов - Завершено','{\"en\":\"Application of results - Completed\"}','apply'),(2137,243,735,'186','Применение результатов - Завершено','{\"en\":\"Application of results - Completed\"}','apply'),(2138,243,735,'187','Применение результатов - Завершено','{\"en\":\"Application of results - Completed\"}','apply'),(2139,243,735,'188','Применение результатов - Завершено','{\"en\":\"Application of results - Completed\"}','apply'),(2140,243,735,'189','Применение результатов - Завершено','{\"en\":\"Application of results - Completed\"}','apply'),(2141,243,735,'190','Применение результатов - Завершено','{\"en\":\"Application of results - Completed\"}','apply'),(2142,243,735,'191','Применение результатов - Завершено','{\"en\":\"Application of results - Completed\"}','apply'),(2143,243,735,'192','Применение результатов - В работе','{\"en\":\"Application of results - In work\"}','apply'),(2144,243,735,'193','Применение результатов - Завершено','{\"en\":\"Application of results - Completed\"}','apply'),(2145,243,735,'194','Применение результатов - Завершено','{\"en\":\"Application of results - Completed\"}','apply'),(2146,243,735,'195','Применение результатов - Завершено','{\"en\":\"Application of results - Completed\"}','apply'),(2147,243,735,'196','Применение результатов - Завершено','{\"en\":\"Application of results - Completed\"}','apply'),(2148,243,735,'197','Применение результатов - Завершено','{\"en\":\"Application of results - Completed\"}','apply'),(2149,243,735,'198','Применение результатов - Завершено','{\"en\":\"Application of results - Completed\"}','apply'),(2150,243,735,'199','Применение результатов - Завершено','{\"en\":\"Application of results - Completed\"}','apply'),(2151,243,735,'200','Применение результатов - Завершено','{\"en\":\"Application of results - Completed\"}','apply'),(2152,243,735,'201','Применение результатов - Завершено','{\"en\":\"Application of results - Completed\"}','apply'),(2153,243,735,'202','Применение результатов - Завершено','{\"en\":\"Application of results - Completed\"}','apply'),(2154,243,735,'203','Применение результатов - Завершено','{\"en\":\"Application of results - Completed\"}','apply'),(2155,243,735,'204','Применение результатов - Завершено','{\"en\":\"Application of results - Completed\"}','apply'),(2156,243,735,'205','Применение результатов - Завершено','{\"en\":\"Application of results - Completed\"}','apply'),(2157,243,735,'206','Применение результатов - Завершено','{\"en\":\"Application of results - Completed\"}','apply'),(2158,243,735,'207','Применение результатов - Завершено','{\"en\":\"Application of results - Completed\"}','apply'),(2159,243,735,'208','Применение результатов - Завершено','{\"en\":\"Application of results - Completed\"}','apply'),(2160,243,735,'209','Применение результатов - Завершено','{\"en\":\"Application of results - Completed\"}','apply'),(2161,243,735,'210','Применение результатов - Завершено','{\"en\":\"Application of results - Completed\"}','apply'),(2162,243,735,'211','Применение результатов - Завершено','{\"en\":\"Application of results - Completed\"}','apply'),(2163,243,735,'212','Применение результатов - Завершено','{\"en\":\"Application of results - Completed\"}','apply'),(2164,243,735,'213','Применение результатов - Завершено','{\"en\":\"Application of results - Completed\"}','apply'),(2165,243,735,'214','Применение результатов - Завершено','{\"en\":\"Application of results - Completed\"}','apply'),(2166,243,735,'215','Применение результатов - Завершено','{\"en\":\"Application of results - Completed\"}','apply'),(2167,243,735,'216','Применение результатов - Завершено','{\"en\":\"Application of results - Completed\"}','apply'),(2168,243,735,'217','Применение результатов - Завершено','{\"en\":\"Application of results - Completed\"}','apply'),(2169,243,735,'218','Применение результатов - Завершено','{\"en\":\"Application of results - Completed\"}','apply'),(2170,243,735,'219','Применение результатов - Завершено','{\"en\":\"Application of results - Completed\"}','apply'),(2171,243,735,'220','Применение результатов - Завершено','{\"en\":\"Application of results - Completed\"}','apply'),(2172,243,735,'221','Применение результатов - Завершено','{\"en\":\"Application of results - Completed\"}','apply'),(2173,243,735,'222','Применение результатов - Завершено','{\"en\":\"Application of results - Completed\"}','apply'),(2174,243,735,'223','Применение результатов - Завершено','{\"en\":\"Application of results - Completed\"}','apply'),(2175,243,735,'224','Применение результатов - Завершено','{\"en\":\"Application of results - Completed\"}','apply'),(2176,243,735,'225','Применение результатов - Завершено','{\"en\":\"Application of results - Completed\"}','apply'),(2177,243,735,'226','Применение результатов - Завершено','{\"en\":\"Application of results - Completed\"}','apply'),(2178,243,735,'227','Применение результатов - Завершено','{\"en\":\"Application of results - Completed\"}','apply'),(2179,243,735,'228','Применение результатов - Завершено','{\"en\":\"Application of results - Completed\"}','apply'),(2180,243,735,'229','Применение результатов - Завершено','{\"en\":\"Application of results - Completed\"}','apply'),(2181,243,735,'230','Применение результатов - Завершено','{\"en\":\"Application of results - Completed\"}','apply'),(2182,243,735,'231','Применение результатов - Завершено','{\"en\":\"Application of results - Completed\"}','apply'),(2183,243,735,'232','Применение результатов - Завершено','{\"en\":\"Application of results - Completed\"}','apply'),(2184,243,735,'233','Применение результатов - Завершено','{\"en\":\"Application of results - Completed\"}','apply'),(2185,243,735,'234','Применение результатов - Завершено','{\"en\":\"Application of results - Completed\"}','apply'),(2186,243,735,'235','Применение результатов - Завершено','{\"en\":\"Application of results - Completed\"}','apply'),(2187,243,735,'236','Применение результатов - Завершено','{\"en\":\"Application of results - Completed\"}','apply'),(2188,243,735,'237','Применение результатов - Завершено','{\"en\":\"Application of results - Completed\"}','apply'),(2189,243,735,'238','Применение результатов - Завершено','{\"en\":\"Application of results - Completed\"}','apply'),(2190,243,735,'239','Применение результатов - Завершено','{\"en\":\"Application of results - Completed\"}','apply'),(2191,243,735,'240','Применение результатов - Завершено','{\"en\":\"Application of results - Completed\"}','apply'),(2192,243,735,'241','Применение результатов - Завершено','{\"en\":\"Application of results - Completed\"}','apply'),(2193,243,735,'242',' - Завершено','{\"en\":\"Application of results - Completed\"}','apply'),(2194,243,735,'243','Создание очереди - В работе','{\"en\":\"Queue processing - In work\"}','apply'),(2195,244,736,'1123','Ожидание','{\"en\":\"Expectation\"}','apply'),(2196,244,736,'1124','В работе','{\"en\":\"In work\"}','apply'),(2197,244,736,'1125','Завершено','{\"en\":\"Completed\"}','apply'),(2198,245,737,'1126','Ожидание','{\"en\":\"Expectation\"}','apply'),(2199,245,737,'1127','В работе','{\"en\":\"In work\"}','apply'),(2200,245,737,'1128','Завершено','{\"en\":\"Completed\"}','apply'),(2201,246,738,'1129','Ожидание','{\"en\":\"Expectation\"}','apply'),(2202,246,738,'1130','В работе','{\"en\":\"In work\"}','apply'),(2203,246,738,'1131','Завершено','{\"en\":\"Completed\"}','apply'),(2204,246,738,'1132','Не требуется','{\"en\":\"Not required\"}','apply'),(2205,247,739,'1133','Ожидание','{\"en\":\"Expectation\"}','apply'),(2206,247,739,'1134','В работе','{\"en\":\"In work\"}','apply'),(2207,247,739,'1135','Завершено','{\"en\":\"Completed\"}','apply'),(2208,248,740,'1169','Сессия','{\"en\":\"Session\"}','apply'),(2209,248,740,'1170','Вкладка','{\"en\":\"Tab\"}','apply'),(2210,248,740,'1171','Контекст','{\"en\":\"Context\"}','apply'),(2211,249,741,'1172','Не применимо','{\"en\":\"Not applicable\"}','apply'),(2212,249,741,'1173','Набор записей','{\"en\":\"Recordset\"}','apply'),(2213,249,741,'1174','Одна запись','{\"en\":\"One entry\"}','apply'),(2214,251,744,'87','Поменять, но с сохранением пропорций','{\"en\":\"Change, but keep proportions\"}','apply'),(2215,251,744,'88','Поменять','{\"en\":\"Change\"}','apply'),(2216,251,744,'89','Не менять','{\"en\":\"Do not change\"}','apply'),(2217,252,745,'91','Ширины','{\"en\":\"Width\"}','apply'),(2218,252,745,'92','Высоты','{\"en\":\"Heights\"}','apply'),(2219,253,746,'219','Да','{\"en\":\"Yes\"}','apply'),(2220,253,746,'220','Нет','{\"en\":\"No\"}','apply'),(2221,254,747,'580','<span class=\"i-color-box\" style=\"background: lime;\"></span>Включен','{\"en\":\"<span class=\\u0022i-color-box\\u0022 style=\\u0022background: lime;\\u0022><\\/span>Included\"}','apply'),(2222,254,747,'581','<span class=\"i-color-box\" style=\"background: red;\"></span>Выключен','{\"en\":\"<span class=\\u0022i-color-box\\u0022 style=\\u0022background: red;\\u0022><\\/span>Switched off\"}','apply'),(2223,255,748,'985','Всем','{\"en\":\"To all\"}','apply'),(2224,255,748,'986','Никому, кроме','{\"en\":\"To nobody but\"}','apply'),(2225,255,748,'987','Всем, кроме','{\"en\":\"Everyone except\"}','apply'),(2226,256,749,'5','<span class=\"i-color-box\" style=\"background: lime;\"></span>Включен','{\"en\":\"<span class=\\u0022i-color-box\\u0022 style=\\u0022background: lime;\\u0022><\\/span>Included\"}','apply'),(2227,256,749,'6','<span class=\"i-color-box\" style=\"background: red;\"></span>Выключен','{\"en\":\"<span class=\\u0022i-color-box\\u0022 style=\\u0022background: red;\\u0022><\\/span>Switched off\"}','apply'),(2228,256,749,'1079','<span class=\"i-color-box\" style=\"background: lightgray;\"></span>Скрыт','{\"en\":\"<span class=\\u0022i-color-box\\u0022 style=\\u0022background: lightgray;\\u0022><\\/span>Is hidden\"}','apply'),(2229,257,750,'573','Проектная','{\"en\":\"Design\"}','apply'),(2230,257,750,'574','<font color=red>Системная</font>','{\"en\":\"<font color=red>Systemic<\\/font>\"}','apply'),(2231,257,750,'575','<font color=lime>Публичная</font>','{\"en\":\"<font color=lime>Public<\\/font>\"}','apply'),(2232,258,751,'1061','Всем пользователям','{\"en\":\"All users\"}','apply'),(2233,258,751,'1062','Только выбранным','{\"en\":\"Only selected\"}','apply'),(2234,258,751,'1063','Всем кроме выбранных','{\"en\":\"Everyone except the chosen ones\"}','apply'),(2235,258,751,'1064','Никому','{\"en\":\"To anyone\"}','apply'),(2236,259,752,'1176','<span class=\"i-color-box\" style=\"background: transparent;\"></span>Нет','{\"en\":\"<span class=\\u0022i-color-box\\u0022 style=\\u0022background: transparent;\\u0022><\\/span>No\"}','apply'),(2237,259,752,'1177','<span class=\"i-color-box\" style=\"background: url(resources/images/icons/btn-icon-create-deny.png);\"></span>Да','{\"en\":\"<span class=\\u0022i-color-box\\u0022 style=\\u0022background: url(resources\\/images\\/icons\\/btn-icon-create-deny.png);\\u0022><\\/span>Yes\"}','apply'),(2238,260,753,'999','<span class=\"i-color-box\" style=\"background: url(/i/admin/field/inherit.png);\"></span>Авто','{\"en\":\"<span class=\\u0022i-color-box\\u0022 style=\\u0022background: url(\\/i\\/admin\\/field\\/inherit.png);\\u0022><\\/span>Auto\"}','apply'),(2239,260,753,'1000','<span class=\"i-color-box\" style=\"background: url(/i/admin/field/readonly.png);\"></span>Отдельным запросом','{\"en\":\"<span class=\\u0022i-color-box\\u0022 style=\\u0022background: url(\\/i\\/admin\\/field\\/readonly.png);\\u0022><\\/span>Separate request\"}','apply'),(2240,260,753,'1001','<span class=\"i-color-box\" style=\"background: url(/i/admin/field/required.png);\"></span>В том же запросе','{\"en\":\"<span class=\\u0022i-color-box\\u0022 style=\\u0022background: url(\\/i\\/admin\\/field\\/required.png);\\u0022><\\/span>In the same request\"}','apply'),(2241,261,754,'213','<span class=\"i-color-box\" style=\"background: url(resources/images/grid/sort_asc.png) -5px -1px;\"></span>По возрастанию','{\"en\":\"<span class=\\u0022i-color-box\\u0022 style=\\u0022background: url(resources\\/images\\/grid\\/sort_asc.png) -5px -1px;\\u0022><\\/span>Ascending\"}','apply'),(2242,261,754,'214','<span class=\"i-color-box\" style=\"background: url(resources/images/grid/sort_desc.png) -5px -1px;\"></span>По убыванию','{\"en\":\"<span class=\\u0022i-color-box\\u0022 style=\\u0022background: url(resources\\/images\\/grid\\/sort_desc.png) -5px -1px;\\u0022><\\/span>Descending\"}','apply'),(2243,262,755,'1178','<span class=\"i-color-box\" style=\"background: url(resources/images/icons/btn-icon-single-select.png);\"></span>Нет','{\"en\":\"<span class=\\u0022i-color-box\\u0022 style=\\u0022background: url(resources\\/images\\/icons\\/btn-icon-single-select.png);\\u0022><\\/span>No\"}','apply'),(2244,262,755,'1179','<span class=\"i-color-box\" style=\"background: url(resources/images/icons/btn-icon-multi-select.png);\"></span>Да','{\"en\":\"<span class=\\u0022i-color-box\\u0022 style=\\u0022background: url(resources\\/images\\/icons\\/btn-icon-multi-select.png);\\u0022><\\/span>Yes\"}','apply'),(2245,263,756,'1180','<span class=\"i-color-box\" style=\"background: transparent;\"></span>Нет','{\"en\":\"<span class=\\u0022i-color-box\\u0022 style=\\u0022background: transparent;\\u0022><\\/span>No\"}','apply'),(2246,263,756,'1181','<span class=\"i-color-box\" style=\"background: url(resources/images/icons/btn-icon-numberer.png);\"></span>Да','{\"en\":\"<span class=\\u0022i-color-box\\u0022 style=\\u0022background: url(resources\\/images\\/icons\\/btn-icon-numberer.png);\\u0022><\\/span>Yes\"}','apply'),(2247,264,757,'9','<span class=\"i-color-box\" style=\"background: lime;\"></span>Включено','{\"en\":\"<span class=\\u0022i-color-box\\u0022 style=\\u0022background: lime;\\u0022><\\/span>Included\"}','apply'),(2248,264,757,'10','<span class=\"i-color-box\" style=\"background: red;\"></span>Выключено','{\"en\":\"<span class=\\u0022i-color-box\\u0022 style=\\u0022background: red;\\u0022><\\/span>Turned off\"}','apply'),(2249,265,758,'996','<span class=\"i-color-box\" style=\"background: blue;\"></span>Авто','{\"en\":\"<span class=\\u0022i-color-box\\u0022 style=\\u0022background: blue;\\u0022><\\/span>Auto\"}','apply'),(2250,265,758,'997','<span class=\"i-color-box\" style=\"background: lime;\"></span>Отображать','{\"en\":\"<span class=\\u0022i-color-box\\u0022 style=\\u0022background: lime;\\u0022><\\/span>Display\"}','apply'),(2251,265,758,'998','<span class=\"i-color-box\" style=\"background: red;\"></span>Не отображать','{\"en\":\"<span class=\\u0022i-color-box\\u0022 style=\\u0022background: red;\\u0022><\\/span>Do not display\"}','apply'),(2252,266,759,'1002','<span class=\"i-color-box\" style=\"background: lime;\"></span>Включено','{\"en\":\"<span class=\\u0022i-color-box\\u0022 style=\\u0022background: lime;\\u0022><\\/span>Included\"}','apply'),(2253,266,759,'1003','<span class=\"i-color-box\" style=\"background: lightgray;\"></span>Выключено','{\"en\":\"<span class=\\u0022i-color-box\\u0022 style=\\u0022background: lightgray;\\u0022><\\/span>Turned off\"}','apply'),(2254,267,760,'1158','<span class=\"i-color-box\" style=\"background: lightgray;\"></span>Выключена','{\"en\":\"<span class=\\u0022i-color-box\\u0022 style=\\u0022background: lightgray;\\u0022><\\/span>Off\"}','apply'),(2255,267,760,'1159','<span class=\"i-color-box\" style=\"background: lightgray; border: 3px solid blue;\"></span>В очереди на включение','{\"en\":\"<span class=\\u0022i-color-box\\u0022 style=\\u0022background: lightgray; border: 3px solid blue;\\u0022><\\/span>Queued for inclusion\"}','apply'),(2256,267,760,'1160','<span class=\"i-color-box\" style=\"background: blue;\"></span>Включена','{\"en\":\"<span class=\\u0022i-color-box\\u0022 style=\\u0022background: blue;\\u0022><\\/span>Included\"}','apply'),(2257,267,760,'1161','<span class=\"i-color-box\" style=\"background: blue; border: 3px solid lightgray;\"></span>В очереди на выключение','{\"en\":\"<span class=\\u0022i-color-box\\u0022 style=\\u0022background: blue; border: 3px solid lightgray;\\u0022><\\/span>Queued for shutdown\"}','apply');
/*!40000 ALTER TABLE `queueitem` ENABLE KEYS */;
UNLOCK TABLES;

--
-- Table structure for table `queuetask`
--

DROP TABLE IF EXISTS `queuetask`;
/*!40101 SET @saved_cs_client     = @@character_set_client */;
/*!40101 SET character_set_client = utf8 */;
CREATE TABLE `queuetask` (
  `id` int(11) NOT NULL AUTO_INCREMENT,
  `title` varchar(255) NOT NULL DEFAULT '',
  `datetime` datetime NOT NULL DEFAULT '0000-00-00 00:00:00',
  `params` text NOT NULL,
  `procSince` datetime NOT NULL DEFAULT '0000-00-00 00:00:00',
  `procID` int(11) NOT NULL DEFAULT '0',
  `stage` enum('count','items','queue','apply') NOT NULL DEFAULT 'count',
  `state` enum('waiting','progress','finished') NOT NULL DEFAULT 'waiting',
  `chunk` int(11) NOT NULL DEFAULT '0',
  `countState` enum('waiting','progress','finished') NOT NULL DEFAULT 'waiting',
  `countSize` int(11) NOT NULL DEFAULT '0',
  `itemsState` enum('waiting','progress','finished') NOT NULL DEFAULT 'waiting',
  `itemsSize` int(11) NOT NULL DEFAULT '0',
  `itemsBytes` int(11) NOT NULL DEFAULT '0',
  `queueState` enum('waiting','progress','finished','noneed') NOT NULL DEFAULT 'waiting',
  `queueSize` int(11) NOT NULL DEFAULT '0',
  `applyState` enum('waiting','progress','finished') NOT NULL DEFAULT 'waiting',
  `applySize` int(11) NOT NULL DEFAULT '0',
  `stageState` text NOT NULL,
  PRIMARY KEY (`id`),
  KEY `stage` (`stage`),
  KEY `state` (`state`),
  KEY `countState` (`countState`),
  KEY `itemsState` (`itemsState`),
  KEY `queueState` (`queueState`),
  KEY `applyState` (`applyState`),
  FULLTEXT KEY `params` (`params`),
  FULLTEXT KEY `stageState` (`stageState`)
) ENGINE=MyISAM AUTO_INCREMENT=268 DEFAULT CHARSET=utf8;
/*!40101 SET character_set_client = @saved_cs_client */;

--
-- Dumping data for table `queuetask`
--

LOCK TABLES `queuetask` WRITE;
/*!40000 ALTER TABLE `queuetask` DISABLE KEYS */;
INSERT INTO `queuetask` VALUES (210,'L10n_FieldToggleL10n','2021-04-04 00:05:37','{\"field\":\"lang:state\",\"source\":\"ru\",\"target\":{\"adminSystemUi\":\"en\"}}','2021-04-04 00:05:38',13508,'apply','finished',1,'finished',2,'finished',2,11,'finished',2,'finished',2,'{\"ru\":\"Применение результатов - Завершено\",\"en\":\"Application of results - Completed\"}'),(173,'L10n_FieldToggleL10n','2021-04-03 22:13:23','{\"field\":\"profile:title\",\"source\":\"ru\",\"target\":{\"adminSystemUi\":\"en\",\"adminCustomUi\":\"en\"}}','2021-04-03 22:13:23',2836,'apply','finished',4,'finished',2,'finished',2,24,'finished',2,'finished',2,'{\"ru\":\"Применение результатов - Завершено\",\"en\":\"Application of results - Completed\"}'),(174,'UsagesUpdate','2021-04-03 22:16:39','{\"source\":\"ru\",\"fraction\":\"adminSystemUi\",\"table\":\"field\",\"entry\":\"2384\",\"affected\":{\"title\":\"Фракция\"},\"considerIdA\":[\"47\",\"35\",\"37\",\"39\",\"41\"]}','2021-04-03 22:16:39',12388,'apply','finished',6,'finished',1,'finished',1,0,'finished',1,'finished',1,'{\"ru\":\"Применение результатов - Завершено\",\"en\":\"Application of results - Completed\"}'),(175,'L10n_FieldToggleL10n','2021-04-03 22:17:20','{\"field\":\"profile:type\",\"source\":\"ru\",\"target\":{\"adminSystemUi\":\"en\"}}','2021-04-03 22:17:20',13972,'apply','finished',1,'finished',2,'finished',2,41,'finished',2,'finished',2,'{\"ru\":\"Применение результатов - Завершено\",\"en\":\"Application of results - Completed\"}'),(176,'L10n_FieldToggleL10n','2021-04-03 22:18:55','{\"field\":\"profile:toggle\",\"source\":\"ru\",\"target\":{\"adminSystemUi\":\"en\"}}','2021-04-03 22:18:55',20652,'apply','finished',1,'finished',2,'finished',2,134,'finished',2,'finished',2,'{\"ru\":\"Применение результатов - Завершено\",\"en\":\"Application of results - Completed\"}'),(177,'L10n_FieldToggleL10n','2021-04-03 22:20:21','{\"field\":\"profile:demo\",\"source\":\"ru\",\"target\":{\"adminSystemUi\":\"en\"}}','2021-04-03 22:20:21',20024,'apply','finished',1,'finished',2,'finished',2,128,'finished',2,'finished',2,'{\"ru\":\"Применение результатов - Завершено\",\"en\":\"Application of results - Completed\"}'),(178,'UsagesUpdate','2021-04-03 22:25:43','{\"source\":\"en\",\"fraction\":\"adminSystemUi,adminCustomUi\",\"table\":\"action\",\"entry\":\"5\",\"affected\":{\"title\":\"Move up\"},\"considerIdA\":[\"34\"]}','2021-04-03 22:25:44',19552,'apply','finished',2,'finished',10,'finished',10,0,'finished',10,'finished',10,'{\"ru\":\"Применение результатов - Завершено\",\"en\":\"Application of results - Completed\"}'),(179,'UsagesUpdate','2021-04-03 22:25:56','{\"source\":\"en\",\"fraction\":\"adminSystemUi,adminCustomUi\",\"table\":\"action\",\"entry\":\"6\",\"affected\":{\"title\":\"Move down\"},\"considerIdA\":[\"34\"]}','2021-04-03 22:25:56',880,'apply','finished',2,'finished',10,'finished',10,0,'finished',10,'finished',10,'{\"ru\":\"Применение результатов - Завершено\",\"en\":\"Application of results - Completed\"}'),(180,'L10n_FieldToggleL10n','2021-04-03 22:30:35','{\"field\":\"entity:title\",\"source\":\"ru\",\"target\":{\"adminSystemUi\":\"en\",\"adminCustomUi\":\"en\"}}','2021-04-03 22:30:35',7400,'apply','finished',2,'finished',26,'finished',26,292,'finished',26,'finished',26,'{\"ru\":\"Применение результатов - Завершено\",\"en\":\"Application of results - Completed\"}'),(181,'L10n_FieldToggleL10n','2021-04-03 22:30:51','{\"field\":\"entity:system\",\"source\":\"ru\",\"target\":{\"adminSystemUi\":\"en\"}}','2021-04-03 22:30:51',10580,'apply','finished',1,'finished',3,'finished',3,83,'finished',3,'finished',3,'{\"ru\":\"Применение результатов - Завершено\",\"en\":\"Application of results - Completed\"}'),(182,'L10n_FieldToggleL10n','2021-04-03 22:52:37','{\"field\":\"action:rowRequired\",\"source\":\"ru\",\"target\":{\"adminSystemUi\":\"en\"}}','2021-04-03 22:52:38',16252,'apply','finished',1,'finished',2,'finished',2,5,'finished',2,'finished',2,'{\"ru\":\"Применение результатов - Завершено\",\"en\":\"Application of results - Completed\"}'),(183,'L10n_FieldToggleL10n','2021-04-03 22:52:59','{\"field\":\"action:type\",\"source\":\"ru\",\"target\":{\"adminSystemUi\":\"en\"}}','2021-04-03 22:52:59',3192,'apply','finished',1,'finished',3,'finished',3,74,'finished',3,'finished',3,'{\"ru\":\"Применение результатов - Завершено\",\"en\":\"Application of results - Completed\"}'),(184,'L10n_FieldToggleL10n','2021-04-03 22:54:07','{\"field\":\"action:display\",\"source\":\"ru\",\"target\":{\"adminSystemUi\":\"en\"}}','2021-04-03 22:54:07',21188,'apply','finished',1,'finished',2,'finished',2,5,'finished',2,'finished',2,'{\"ru\":\"Применение результатов - Завершено\",\"en\":\"Application of results - Completed\"}'),(185,'L10n_FieldToggleL10n','2021-04-03 22:54:24','{\"field\":\"action:toggle\",\"source\":\"ru\",\"target\":{\"adminSystemUi\":\"en\"}}','2021-04-03 22:54:25',23608,'apply','finished',1,'finished',2,'finished',2,134,'finished',2,'finished',2,'{\"ru\":\"Применение результатов - Завершено\",\"en\":\"Application of results - Completed\"}'),(186,'L10n_FieldToggleL10n','2021-04-03 22:56:31','{\"field\":\"admin:title\",\"source\":\"ru\",\"target\":{\"adminSystemUi\":\"en\",\"adminCustomUi\":\"en\"}}','2021-04-03 22:56:31',18132,'apply','finished',2,'finished',2,'finished',2,24,'finished',2,'finished',2,'{\"ru\":\"Применение результатов - Завершено\",\"en\":\"Application of results - Completed\"}'),(187,'L10n_FieldToggleL10n','2021-04-03 22:56:41','{\"field\":\"admin:toggle\",\"source\":\"ru\",\"target\":{\"adminSystemUi\":\"en\"}}','2021-04-03 22:56:42',12036,'apply','finished',1,'finished',2,'finished',2,132,'finished',2,'finished',2,'{\"ru\":\"Применение результатов - Завершено\",\"en\":\"Application of results - Completed\"}'),(188,'L10n_FieldToggleL10n','2021-04-03 22:57:21','{\"field\":\"admin:demo\",\"source\":\"ru\",\"target\":{\"adminSystemUi\":\"en\"}}','2021-04-03 22:57:21',21304,'apply','finished',1,'finished',2,'finished',2,128,'finished',2,'finished',2,'{\"ru\":\"Применение результатов - Завершено\",\"en\":\"Application of results - Completed\"}'),(189,'L10n_FieldToggleL10n','2021-04-03 22:57:38','{\"field\":\"admin:uiedit\",\"source\":\"ru\",\"target\":{\"adminSystemUi\":\"en\"}}','2021-04-03 22:57:38',19792,'apply','finished',1,'finished',2,'finished',2,140,'finished',2,'finished',2,'{\"ru\":\"Применение результатов - Завершено\",\"en\":\"Application of results - Completed\"}'),(190,'L10n_FieldToggleL10n','2021-04-03 23:01:42','{\"field\":\"entity:spaceScheme\",\"source\":\"ru\",\"target\":{\"adminSystemUi\":\"en\"}}','2021-04-03 23:01:42',3996,'apply','finished',1,'finished',10,'finished',10,129,'finished',10,'finished',10,'{\"ru\":\"Применение результатов - Завершено\",\"en\":\"Application of results - Completed\"}'),(191,'L10n_FieldToggleL10n','2021-04-03 23:17:54','{\"field\":\"alteredField:impact\",\"source\":\"ru\",\"target\":{\"adminSystemUi\":\"en\"}}','2021-04-03 23:17:54',20180,'apply','finished',1,'finished',3,'finished',3,25,'finished',3,'finished',3,'{\"ru\":\"Применение результатов - Завершено\",\"en\":\"Application of results - Completed\"}'),(192,'L10n_FieldToggleL10n','2021-04-03 23:20:12','{\"field\":\"alteredField:profileIds\",\"source\":\"ru\",\"target\":{\"adminSystemUi\":\"en\",\"adminCustomUi\":\"en\"}}','2021-04-03 23:20:12',23908,'apply','progress',2,'finished',3,'finished',3,0,'finished',3,'progress',0,'{\"ru\":\"Применение результатов - В работе\",\"en\":\"Application of results - In work\"}'),(193,'L10n_FieldToggleL10n','2021-04-03 23:21:04','{\"field\":\"alteredField:mode\",\"source\":\"ru\",\"target\":{\"adminSystemUi\":\"en\"}}','2021-04-03 23:21:04',8856,'apply','finished',1,'finished',5,'finished',5,483,'finished',5,'finished',5,'{\"ru\":\"Применение результатов - Завершено\",\"en\":\"Application of results - Completed\"}'),(194,'L10n_FieldToggleL10n','2021-04-03 23:25:59','{\"field\":\"columnType:title\",\"source\":\"ru\",\"target\":{\"adminSystemUi\":\"en\",\"adminCustomUi\":\"en\"}}','2021-04-03 23:25:59',12080,'apply','finished',2,'finished',24,'finished',24,180,'finished',24,'finished',24,'{\"ru\":\"Применение результатов - Завершено\",\"en\":\"Application of results - Completed\"}'),(195,'L10n_FieldToggleL10n','2021-04-03 23:27:12','{\"field\":\"columnType:canStoreRelation\",\"source\":\"ru\",\"target\":{\"adminSystemUi\":\"en\"}}','2021-04-03 23:27:12',14912,'apply','finished',1,'finished',2,'finished',2,5,'finished',2,'finished',2,'{\"ru\":\"Применение результатов - Завершено\",\"en\":\"Application of results - Completed\"}'),(196,'L10n_FieldToggleL10n','2021-04-03 23:28:27','{\"field\":\"consider:required\",\"source\":\"ru\",\"target\":{\"adminSystemUi\":\"en\"}}','2021-04-03 23:28:27',21252,'apply','finished',1,'finished',2,'finished',2,128,'finished',2,'finished',2,'{\"ru\":\"Применение результатов - Завершено\",\"en\":\"Application of results - Completed\"}'),(197,'L10n_FieldToggleL10n','2021-04-03 23:30:14','{\"field\":\"element:title\",\"source\":\"ru\",\"target\":{\"adminSystemUi\":\"en\",\"adminCustomUi\":\"en\"}}','2021-04-03 23:30:14',18068,'apply','finished',2,'finished',34,'finished',34,250,'finished',34,'finished',34,'{\"ru\":\"Применение результатов - Завершено\",\"en\":\"Application of results - Completed\"}'),(198,'L10n_FieldToggleL10n','2021-04-03 23:30:30','{\"field\":\"element:storeRelationAbility\",\"source\":\"ru\",\"target\":{\"adminSystemUi\":\"en\"}}','2021-04-03 23:30:30',5544,'apply','finished',1,'finished',3,'finished',3,58,'finished',3,'finished',3,'{\"ru\":\"Применение результатов - Завершено\",\"en\":\"Application of results - Completed\"}'),(199,'L10n_FieldToggleL10n','2021-04-03 23:34:55','{\"field\":\"field:storeRelationAbility\",\"source\":\"ru\",\"target\":{\"adminSystemUi\":\"en\"}}','2021-04-03 23:34:55',19148,'apply','finished',1,'finished',3,'finished',3,283,'finished',3,'finished',3,'{\"ru\":\"Применение результатов - Завершено\",\"en\":\"Application of results - Completed\"}'),(200,'L10n_FieldToggleL10n','2021-04-03 23:36:03','{\"field\":\"field:mode\",\"source\":\"ru\",\"target\":{\"adminSystemUi\":\"en\"}}','2021-04-03 23:36:04',18912,'apply','finished',1,'finished',4,'finished',4,384,'finished',4,'finished',4,'{\"ru\":\"Применение результатов - Завершено\",\"en\":\"Application of results - Completed\"}'),(201,'L10n_FieldToggleL10n','2021-04-03 23:38:01','{\"field\":\"field:l10n\",\"source\":\"ru\",\"target\":{\"adminSystemUi\":\"en\"}}','2021-04-03 23:38:01',17796,'apply','finished',1,'finished',4,'finished',4,361,'finished',4,'finished',4,'{\"ru\":\"Применение результатов - Завершено\",\"en\":\"Application of results - Completed\"}'),(202,'L10n_FieldToggleL10n','2021-04-03 23:44:20','{\"field\":\"grid:toggle\",\"source\":\"ru\",\"target\":{\"adminSystemUi\":\"en\"}}','2021-04-03 23:44:20',23992,'apply','finished',1,'finished',4,'finished',4,318,'finished',4,'finished',4,'{\"ru\":\"Применение результатов - Завершено\",\"en\":\"Application of results - Completed\"}'),(203,'L10n_FieldToggleL10n','2021-04-03 23:45:58','{\"field\":\"grid:editor\",\"source\":\"ru\",\"target\":{\"adminSystemUi\":\"en\"}}','2021-04-03 23:45:58',13408,'apply','finished',1,'finished',2,'finished',2,138,'finished',2,'finished',2,'{\"ru\":\"Применение результатов - Завершено\",\"en\":\"Application of results - Completed\"}'),(204,'L10n_FieldToggleL10n','2021-04-03 23:46:47','{\"field\":\"grid:group\",\"source\":\"ru\",\"target\":{\"adminSystemUi\":\"en\"}}','2021-04-03 23:46:47',4072,'apply','finished',1,'finished',2,'finished',2,22,'finished',2,'finished',2,'{\"ru\":\"Применение результатов - Завершено\",\"en\":\"Application of results - Completed\"}'),(205,'L10n_FieldToggleL10n','2021-04-03 23:48:23','{\"field\":\"grid:summaryType\",\"source\":\"ru\",\"target\":{\"adminSystemUi\":\"en\"}}','2021-04-03 23:48:23',19912,'apply','finished',1,'finished',6,'finished',6,37,'finished',6,'finished',6,'{\"ru\":\"Применение результатов - Завершено\",\"en\":\"Application of results - Completed\"}'),(206,'L10n_FieldToggleL10n','2021-04-03 23:49:43','{\"field\":\"grid:summaryText\",\"source\":\"ru\",\"target\":{\"adminSystemUi\":\"en\",\"adminCustomUi\":\"en\"}}','2021-04-03 23:49:43',22456,'apply','finished',2,'finished',260,'finished',260,0,'finished',260,'finished',260,'{\"ru\":\"Применение результатов - Завершено\",\"en\":\"Application of results - Completed\"}'),(207,'L10n_FieldToggleL10n','2021-04-03 23:50:48','{\"field\":\"grid:access\",\"source\":\"ru\",\"target\":{\"adminSystemUi\":\"en\"}}','2021-04-03 23:50:48',25248,'apply','finished',1,'finished',3,'finished',3,28,'finished',3,'finished',3,'{\"ru\":\"Применение результатов - Завершено\",\"en\":\"Application of results - Completed\"}'),(208,'L10n_FieldToggleL10n','2021-04-03 23:52:16','{\"field\":\"grid:rowReqIfAffected\",\"source\":\"ru\",\"target\":{\"adminSystemUi\":\"en\"}}','2021-04-03 23:52:16',25036,'apply','finished',1,'finished',2,'finished',2,129,'finished',2,'finished',2,'{\"ru\":\"Применение результатов - Завершено\",\"en\":\"Application of results - Completed\"}'),(209,'L10n_FieldToggleL10n','2021-04-04 00:04:59','{\"field\":\"lang:toggle\",\"source\":\"ru\",\"target\":{\"adminSystemUi\":\"en\"}}','2021-04-04 00:04:59',18520,'apply','finished',1,'finished',2,'finished',2,132,'finished',2,'finished',2,'{\"ru\":\"Применение результатов - Завершено\",\"en\":\"Application of results - Completed\"}'),(211,'L10n_FieldToggleL10n','2021-04-04 00:06:57','{\"field\":\"lang:adminSystemUi\",\"source\":\"ru\",\"target\":{\"adminSystemUi\":\"en\"}}','2021-04-04 00:06:57',13532,'apply','finished',1,'finished',4,'finished',4,359,'finished',4,'finished',4,'{\"ru\":\"Применение результатов - Завершено\",\"en\":\"Application of results - Completed\"}'),(212,'L10n_FieldToggleL10n','2021-04-04 00:10:00','{\"field\":\"lang:adminSystemConst\",\"source\":\"ru\",\"target\":{\"adminSystemUi\":\"en\"}}','2021-04-04 00:10:00',19512,'apply','finished',1,'finished',4,'finished',4,359,'finished',4,'finished',4,'{\"ru\":\"Применение результатов - Завершено\",\"en\":\"Application of results - Completed\"}'),(213,'L10n_FieldToggleL10n','2021-04-04 00:12:39','{\"field\":\"lang:adminCustomUi\",\"source\":\"ru\",\"target\":{\"adminSystemUi\":\"en\"}}','2021-04-04 00:12:39',24892,'apply','finished',1,'finished',4,'finished',4,359,'finished',4,'finished',4,'{\"ru\":\"Применение результатов - Завершено\",\"en\":\"Application of results - Completed\"}'),(214,'L10n_FieldToggleL10n','2021-04-04 00:13:37','{\"field\":\"lang:adminCustomConst\",\"source\":\"ru\",\"target\":{\"adminSystemUi\":\"en\"}}','2021-04-04 00:13:38',7504,'apply','finished',1,'finished',4,'finished',4,359,'finished',4,'finished',4,'{\"ru\":\"Применение результатов - Завершено\",\"en\":\"Application of results - Completed\"}'),(215,'L10n_FieldToggleL10n','2021-04-04 00:16:55','{\"field\":\"lang:adminCustomData\",\"source\":\"ru\",\"target\":{\"adminSystemUi\":\"en\"}}','2021-04-04 00:16:55',5296,'apply','finished',1,'finished',4,'finished',4,359,'finished',4,'finished',4,'{\"ru\":\"Применение результатов - Завершено\",\"en\":\"Application of results - Completed\"}'),(216,'L10n_FieldToggleL10n','2021-04-04 00:17:59','{\"field\":\"lang:adminCustomTmpl\",\"source\":\"ru\",\"target\":{\"adminSystemUi\":\"en\"}}','2021-04-04 00:17:59',13796,'apply','finished',1,'finished',4,'finished',4,359,'finished',4,'finished',4,'{\"ru\":\"Применение результатов - Завершено\",\"en\":\"Application of results - Completed\"}'),(217,'L10n_FieldToggleL10n','2021-04-04 00:40:38','{\"field\":\"month:month\",\"source\":\"ru\",\"target\":{\"adminSystemUi\":\"en\"}}','2021-04-04 00:40:38',18872,'apply','finished',1,'finished',12,'finished',12,68,'finished',12,'finished',12,'{\"ru\":\"Применение результатов - Завершено\",\"en\":\"Application of results - Completed\"}'),(218,'L10n_FieldToggleL10n','2021-04-04 00:41:03','{\"field\":\"month:title\",\"source\":\"ru\",\"target\":{\"adminSystemUi\":\"en\",\"adminCustomUi\":\"en\"}}','2021-04-04 00:41:03',19832,'apply','finished',2,'finished',0,'finished',0,0,'finished',0,'finished',0,'{\"ru\":\"Применение результатов - Завершено\",\"en\":\"Application of results - Completed\"}'),(219,'L10n_FieldToggleL10n','2021-04-04 00:41:57','{\"field\":\"notice:type\",\"source\":\"ru\",\"target\":{\"adminSystemUi\":\"en\"}}','2021-04-04 00:41:57',23416,'apply','finished',1,'finished',2,'finished',2,41,'finished',2,'finished',2,'{\"ru\":\"Применение результатов - Завершено\",\"en\":\"Application of results - Completed\"}'),(220,'L10n_FieldToggleL10n','2021-04-04 00:42:33','{\"field\":\"notice:toggle\",\"source\":\"ru\",\"target\":{\"adminSystemUi\":\"en\"}}','2021-04-04 00:42:33',18696,'apply','finished',1,'finished',2,'finished',2,134,'finished',2,'finished',2,'{\"ru\":\"Применение результатов - Завершено\",\"en\":\"Application of results - Completed\"}'),(221,'L10n_FieldToggleL10n','2021-04-04 00:43:24','{\"field\":\"notice:qtyDiffRelyOn\",\"source\":\"ru\",\"target\":{\"adminSystemUi\":\"en\"}}','2021-04-04 00:43:25',22560,'apply','finished',1,'finished',2,'finished',2,66,'finished',2,'finished',2,'{\"ru\":\"Применение результатов - Завершено\",\"en\":\"Application of results - Completed\"}'),(222,'L10n_FieldToggleL10n','2021-04-04 00:44:19','{\"field\":\"notice:tooltip\",\"source\":\"ru\",\"target\":{\"adminSystemUi\":\"en\",\"adminCustomUi\":\"en\"}}','2021-04-04 00:44:19',14040,'apply','finished',2,'finished',0,'finished',0,0,'finished',0,'finished',0,'{\"ru\":\"Применение результатов - Завершено\",\"en\":\"Application of results - Completed\"}'),(223,'L10n_FieldToggleL10n','2021-04-04 00:44:31','{\"field\":\"notice:tplFor\",\"source\":\"ru\",\"target\":{\"adminSystemUi\":\"en\"}}','2021-04-04 00:44:31',9816,'apply','finished',1,'finished',3,'finished',3,29,'finished',3,'finished',3,'{\"ru\":\"Применение результатов - Завершено\",\"en\":\"Application of results - Completed\"}'),(224,'L10n_FieldToggleL10n','2021-04-04 00:47:57','{\"field\":\"notice:tplIncSubj\",\"source\":\"ru\",\"target\":{\"adminSystemUi\":\"en\",\"adminCustomUi\":\"en\"}}','2021-04-04 00:47:57',17484,'apply','finished',2,'finished',0,'finished',0,0,'finished',0,'finished',0,'{\"ru\":\"Применение результатов - Завершено\",\"en\":\"Application of results - Completed\"}'),(225,'L10n_FieldToggleL10n','2021-04-04 00:48:03','{\"field\":\"notice:tplIncBody\",\"source\":\"ru\",\"target\":{\"adminSystemUi\":\"en\",\"adminCustomUi\":\"en\"}}','2021-04-04 00:48:03',22168,'apply','finished',2,'finished',0,'finished',0,0,'finished',0,'finished',0,'{\"ru\":\"Применение результатов - Завершено\",\"en\":\"Application of results - Completed\"}'),(226,'L10n_FieldToggleL10n','2021-04-04 00:48:09','{\"field\":\"notice:tplDecSubj\",\"source\":\"ru\",\"target\":{\"adminSystemUi\":\"en\",\"adminCustomUi\":\"en\"}}','2021-04-04 00:48:09',21936,'apply','finished',2,'finished',0,'finished',0,0,'finished',0,'finished',0,'{\"ru\":\"Применение результатов - Завершено\",\"en\":\"Application of results - Completed\"}'),(227,'L10n_FieldToggleL10n','2021-04-04 00:48:21','{\"field\":\"notice:tplDecBody\",\"source\":\"ru\",\"target\":{\"adminSystemUi\":\"en\",\"adminCustomUi\":\"en\"}}','2021-04-04 00:48:21',21556,'apply','finished',2,'finished',0,'finished',0,0,'finished',0,'finished',0,'{\"ru\":\"Применение результатов - Завершено\",\"en\":\"Application of results - Completed\"}'),(228,'L10n_FieldToggleL10n','2021-04-04 00:48:26','{\"field\":\"notice:tplEvtSubj\",\"source\":\"ru\",\"target\":{\"adminSystemUi\":\"en\",\"adminCustomUi\":\"en\"}}','2021-04-04 00:48:26',15776,'apply','finished',2,'finished',0,'finished',0,0,'finished',0,'finished',0,'{\"ru\":\"Применение результатов - Завершено\",\"en\":\"Application of results - Completed\"}'),(229,'L10n_FieldToggleL10n','2021-04-04 00:48:31','{\"field\":\"notice:tplEvtBody\",\"source\":\"ru\",\"target\":{\"adminSystemUi\":\"en\",\"adminCustomUi\":\"en\"}}','2021-04-04 00:48:31',21544,'apply','finished',2,'finished',0,'finished',0,0,'finished',0,'finished',0,'{\"ru\":\"Применение результатов - Завершено\",\"en\":\"Application of results - Completed\"}'),(230,'L10n_FieldToggleL10n','2021-04-04 00:49:44','{\"field\":\"notice:title\",\"source\":\"ru\",\"target\":{\"adminSystemUi\":\"en\",\"adminCustomUi\":\"en\"}}','2021-04-04 00:49:44',19196,'apply','finished',2,'finished',0,'finished',0,0,'finished',0,'finished',0,'{\"ru\":\"Применение результатов - Завершено\",\"en\":\"Application of results - Completed\"}'),(231,'L10n_FieldToggleL10n','2021-04-04 00:52:25','{\"field\":\"noticeGetter:toggle\",\"source\":\"ru\",\"target\":{\"adminSystemUi\":\"en\"}}','2021-04-04 00:52:26',24364,'apply','finished',1,'finished',2,'finished',2,132,'finished',2,'finished',2,'{\"ru\":\"Применение результатов - Завершено\",\"en\":\"Application of results - Completed\"}'),(232,'L10n_FieldToggleL10n','2021-04-04 00:53:07','{\"field\":\"noticeGetter:criteriaRelyOn\",\"source\":\"ru\",\"target\":{\"adminSystemUi\":\"en\"}}','2021-04-04 00:53:07',22108,'apply','finished',1,'finished',2,'finished',2,15,'finished',2,'finished',2,'{\"ru\":\"Применение результатов - Завершено\",\"en\":\"Application of results - Completed\"}'),(233,'L10n_FieldToggleL10n','2021-04-04 00:54:55','{\"field\":\"noticeGetter:email\",\"source\":\"ru\",\"target\":{\"adminSystemUi\":\"en\"}}','2021-04-04 00:54:56',4124,'apply','finished',1,'finished',2,'finished',2,128,'finished',2,'finished',2,'{\"ru\":\"Применение результатов - Завершено\",\"en\":\"Application of results - Completed\"}'),(234,'L10n_FieldToggleL10n','2021-04-04 00:55:10','{\"field\":\"noticeGetter:vk\",\"source\":\"ru\",\"target\":{\"adminSystemUi\":\"en\"}}','2021-04-04 00:55:11',23912,'apply','finished',1,'finished',2,'finished',2,128,'finished',2,'finished',2,'{\"ru\":\"Применение результатов - Завершено\",\"en\":\"Application of results - Completed\"}'),(235,'L10n_FieldToggleL10n','2021-04-04 00:55:27','{\"field\":\"noticeGetter:sms\",\"source\":\"ru\",\"target\":{\"adminSystemUi\":\"en\"}}','2021-04-04 00:55:27',12216,'apply','finished',1,'finished',2,'finished',2,128,'finished',2,'finished',2,'{\"ru\":\"Применение результатов - Завершено\",\"en\":\"Application of results - Completed\"}'),(236,'L10n_FieldToggleL10n','2021-04-04 01:01:00','{\"field\":\"queueChunk:fraction\",\"source\":\"ru\",\"target\":{\"adminSystemUi\":\"en\"}}','2021-04-04 01:01:00',16468,'apply','finished',1,'finished',4,'finished',4,51,'finished',4,'finished',4,'{\"ru\":\"Применение результатов - Завершено\",\"en\":\"Application of results - Completed\"}'),(237,'L10n_FieldToggleL10n','2021-04-04 01:01:32','{\"field\":\"queueChunk:countState\",\"source\":\"ru\",\"target\":{\"adminSystemUi\":\"en\"}}','2021-04-04 01:01:32',17116,'apply','finished',1,'finished',3,'finished',3,25,'finished',3,'finished',3,'{\"ru\":\"Применение результатов - Завершено\",\"en\":\"Application of results - Completed\"}'),(238,'L10n_FieldToggleL10n','2021-04-04 01:02:11','{\"field\":\"queueChunk:itemsState\",\"source\":\"ru\",\"target\":{\"adminSystemUi\":\"en\"}}','2021-04-04 01:02:11',13496,'apply','finished',1,'finished',3,'finished',3,25,'finished',3,'finished',3,'{\"ru\":\"Применение результатов - Завершено\",\"en\":\"Application of results - Completed\"}'),(239,'L10n_FieldToggleL10n','2021-04-04 01:03:07','{\"field\":\"queueChunk:queueState\",\"source\":\"ru\",\"target\":{\"adminSystemUi\":\"en\"}}','2021-04-04 01:03:08',18408,'apply','finished',1,'finished',4,'finished',4,37,'finished',4,'finished',4,'{\"ru\":\"Применение результатов - Завершено\",\"en\":\"Application of results - Completed\"}'),(240,'L10n_FieldToggleL10n','2021-04-04 01:03:50','{\"field\":\"queueChunk:applyState\",\"source\":\"ru\",\"target\":{\"adminSystemUi\":\"en\"}}','2021-04-04 01:03:50',20940,'apply','finished',1,'finished',3,'finished',3,25,'finished',3,'finished',3,'{\"ru\":\"Применение результатов - Завершено\",\"en\":\"Application of results - Completed\"}'),(241,'L10n_FieldToggleL10n','2021-04-04 01:07:12','{\"field\":\"queueItem:stage\",\"source\":\"ru\",\"target\":{\"adminSystemUi\":\"en\"}}','2021-04-04 01:07:13',10232,'apply','finished',1,'finished',3,'finished',3,25,'finished',3,'finished',3,'{\"ru\":\"Применение результатов - Завершено\",\"en\":\"Application of results - Completed\"}'),(242,'L10n_FieldToggleL10n','2021-04-04 01:08:17','{\"field\":\"queueTask:stage\",\"source\":\"ru\",\"target\":{\"adminSystemUi\":\"en\"}}','2021-04-04 01:08:17',10444,'apply','finished',2,'finished',74,'finished',74,72,'finished',74,'finished',74,'{\"ru\":\" - Завершено\",\"en\":\"Application of results - Completed\"}'),(243,'L10n_FieldToggleL10n','2021-04-04 01:09:20','{\"field\":\"queueTask:state\",\"source\":\"ru\",\"target\":{\"adminSystemUi\":\"en\"}}','2021-04-04 01:09:20',17840,'apply','finished',2,'finished',74,'finished',74,25,'finished',74,'finished',74,'{\"ru\":\"Application of results - \",\"en\":\"Application of results - Completed\"}'),(244,'L10n_FieldToggleL10n','2021-04-04 01:10:26','{\"field\":\"queueTask:countState\",\"source\":\"ru\",\"target\":{\"adminSystemUi\":\"en\"}}','2021-04-04 01:10:26',23008,'apply','finished',1,'finished',3,'finished',3,25,'finished',3,'finished',3,'{\"ru\":\"Применение результатов - Завершено\",\"en\":\"Application of results - Completed\"}'),(245,'L10n_FieldToggleL10n','2021-04-04 01:10:58','{\"field\":\"queueTask:itemsState\",\"source\":\"ru\",\"target\":{\"adminSystemUi\":\"en\"}}','2021-04-04 01:10:59',21976,'apply','finished',1,'finished',3,'finished',3,25,'finished',3,'finished',3,'{\"ru\":\"Применение результатов - Завершено\",\"en\":\"Application of results - Completed\"}'),(246,'L10n_FieldToggleL10n','2021-04-04 01:11:47','{\"field\":\"queueTask:queueState\",\"source\":\"ru\",\"target\":{\"adminSystemUi\":\"en\"}}','2021-04-04 01:11:47',13856,'apply','finished',1,'finished',4,'finished',4,37,'finished',4,'finished',4,'{\"ru\":\"Применение результатов - Завершено\",\"en\":\"Application of results - Completed\"}'),(247,'L10n_FieldToggleL10n','2021-04-04 01:12:17','{\"field\":\"queueTask:applyState\",\"source\":\"ru\",\"target\":{\"adminSystemUi\":\"en\"}}','2021-04-04 01:12:17',22096,'apply','finished',1,'finished',3,'finished',3,25,'finished',3,'finished',3,'{\"ru\":\"Применение результатов - Завершено\",\"en\":\"Application of results - Completed\"}'),(248,'L10n_FieldToggleL10n','2021-04-04 01:14:44','{\"field\":\"realtime:type\",\"source\":\"ru\",\"target\":{\"adminSystemUi\":\"en\"}}','2021-04-04 01:14:44',5076,'apply','finished',1,'finished',3,'finished',3,21,'finished',3,'finished',3,'{\"ru\":\"Применение результатов - Завершено\",\"en\":\"Application of results - Completed\"}'),(249,'L10n_FieldToggleL10n','2021-04-04 01:15:51','{\"field\":\"realtime:mode\",\"source\":\"ru\",\"target\":{\"adminSystemUi\":\"en\"}}','2021-04-04 01:15:51',13144,'apply','finished',1,'finished',3,'finished',3,36,'finished',3,'finished',3,'{\"ru\":\"Применение результатов - Завершено\",\"en\":\"Application of results - Completed\"}'),(250,'L10n_FieldToggleL10n','2021-04-04 01:17:19','{\"field\":\"resize:title\",\"source\":\"ru\",\"target\":{\"adminSystemUi\":\"en\",\"adminCustomUi\":\"en\"}}','2021-04-04 01:17:19',21668,'apply','finished',2,'finished',0,'finished',0,0,'finished',0,'finished',0,'{\"ru\":\"Применение результатов - Завершено\",\"en\":\"Application of results - Completed\"}'),(251,'L10n_FieldToggleL10n','2021-04-04 01:17:34','{\"field\":\"resize:proportions\",\"source\":\"ru\",\"target\":{\"adminSystemUi\":\"en\"}}','2021-04-04 01:17:34',3500,'apply','finished',1,'finished',3,'finished',3,53,'finished',3,'finished',3,'{\"ru\":\"Применение результатов - Завершено\",\"en\":\"Application of results - Completed\"}'),(252,'L10n_FieldToggleL10n','2021-04-04 01:17:52','{\"field\":\"resize:masterDimensionAlias\",\"source\":\"ru\",\"target\":{\"adminSystemUi\":\"en\"}}','2021-04-04 01:17:52',16028,'apply','finished',1,'finished',2,'finished',2,12,'finished',2,'finished',2,'{\"ru\":\"Применение результатов - Завершено\",\"en\":\"Application of results - Completed\"}'),(253,'L10n_FieldToggleL10n','2021-04-04 01:18:23','{\"field\":\"resize:changeColor\",\"source\":\"ru\",\"target\":{\"adminSystemUi\":\"en\"}}','2021-04-04 01:18:23',21796,'apply','finished',1,'finished',2,'finished',2,5,'finished',2,'finished',2,'{\"ru\":\"Применение результатов - Завершено\",\"en\":\"Application of results - Completed\"}'),(254,'L10n_FieldToggleL10n','2021-04-04 01:20:30','{\"field\":\"search:toggle\",\"source\":\"ru\",\"target\":{\"adminSystemUi\":\"en\"}}','2021-04-04 01:20:31',18024,'apply','finished',1,'finished',2,'finished',2,132,'finished',2,'finished',2,'{\"ru\":\"Применение результатов - Завершено\",\"en\":\"Application of results - Completed\"}'),(255,'L10n_FieldToggleL10n','2021-04-04 01:21:13','{\"field\":\"search:access\",\"source\":\"ru\",\"target\":{\"adminSystemUi\":\"en\"}}','2021-04-04 01:21:14',8232,'apply','finished',1,'finished',3,'finished',3,28,'finished',3,'finished',3,'{\"ru\":\"Применение результатов - Завершено\",\"en\":\"Application of results - Completed\"}'),(256,'L10n_FieldToggleL10n','2021-04-04 01:23:16','{\"field\":\"section:toggle\",\"source\":\"ru\",\"target\":{\"adminSystemUi\":\"en\"}}','2021-04-04 01:23:16',11200,'apply','finished',1,'finished',3,'finished',3,201,'finished',3,'finished',3,'{\"ru\":\"Применение результатов - Завершено\",\"en\":\"Application of results - Completed\"}'),(257,'L10n_FieldToggleL10n','2021-04-04 01:23:54','{\"field\":\"section:type\",\"source\":\"ru\",\"target\":{\"adminSystemUi\":\"en\"}}','2021-04-04 01:23:55',13496,'apply','finished',1,'finished',3,'finished',3,74,'finished',3,'finished',3,'{\"ru\":\"Применение результатов - Завершено\",\"en\":\"Application of results - Completed\"}'),(258,'L10n_FieldToggleL10n','2021-04-04 01:24:44','{\"field\":\"section:expand\",\"source\":\"ru\",\"target\":{\"adminSystemUi\":\"en\"}}','2021-04-04 01:24:44',8,'apply','finished',1,'finished',4,'finished',4,60,'finished',4,'finished',4,'{\"ru\":\"Применение результатов - Завершено\",\"en\":\"Application of results - Completed\"}'),(259,'L10n_FieldToggleL10n','2021-04-04 01:26:35','{\"field\":\"section:disableAdd\",\"source\":\"ru\",\"target\":{\"adminSystemUi\":\"en\"}}','2021-04-04 01:26:35',10368,'apply','finished',1,'finished',2,'finished',2,178,'finished',2,'finished',2,'{\"ru\":\"Применение результатов - Завершено\",\"en\":\"Application of results - Completed\"}'),(260,'L10n_FieldToggleL10n','2021-04-04 01:26:58','{\"field\":\"section:rowsetSeparate\",\"source\":\"ru\",\"target\":{\"adminSystemUi\":\"en\"}}','2021-04-04 01:26:58',10196,'apply','finished',1,'finished',3,'finished',3,298,'finished',3,'finished',3,'{\"ru\":\"Применение результатов - Завершено\",\"en\":\"Application of results - Completed\"}'),(261,'L10n_FieldToggleL10n','2021-04-04 01:27:38','{\"field\":\"section:defaultSortDirection\",\"source\":\"ru\",\"target\":{\"adminSystemUi\":\"en\"}}','2021-04-04 01:27:39',23188,'apply','finished',1,'finished',2,'finished',2,234,'finished',2,'finished',2,'{\"ru\":\"Применение результатов - Завершено\",\"en\":\"Application of results - Completed\"}'),(262,'L10n_FieldToggleL10n','2021-04-04 01:28:08','{\"field\":\"section:multiSelect\",\"source\":\"ru\",\"target\":{\"adminSystemUi\":\"en\"}}','2021-04-04 01:28:08',20200,'apply','finished',1,'finished',2,'finished',2,222,'finished',2,'finished',2,'{\"ru\":\"Применение результатов - Завершено\",\"en\":\"Application of results - Completed\"}'),(263,'L10n_FieldToggleL10n','2021-04-04 01:28:25','{\"field\":\"section:rownumberer\",\"source\":\"ru\",\"target\":{\"adminSystemUi\":\"en\"}}','2021-04-04 01:28:26',18632,'apply','finished',1,'finished',2,'finished',2,175,'finished',2,'finished',2,'{\"ru\":\"Применение результатов - Завершено\",\"en\":\"Application of results - Completed\"}'),(264,'L10n_FieldToggleL10n','2021-04-04 01:31:38','{\"field\":\"section2action:toggle\",\"source\":\"ru\",\"target\":{\"adminSystemUi\":\"en\"}}','2021-04-04 01:31:38',18800,'apply','finished',1,'finished',2,'finished',2,134,'finished',2,'finished',2,'{\"ru\":\"Применение результатов - Завершено\",\"en\":\"Application of results - Completed\"}'),(265,'L10n_FieldToggleL10n','2021-04-04 01:32:12','{\"field\":\"section2action:south\",\"source\":\"ru\",\"target\":{\"adminSystemUi\":\"en\"}}','2021-04-04 01:32:13',7316,'apply','finished',1,'finished',3,'finished',3,203,'finished',3,'finished',3,'{\"ru\":\"Применение результатов - Завершено\",\"en\":\"Application of results - Completed\"}'),(266,'L10n_FieldToggleL10n','2021-04-04 01:32:31','{\"field\":\"section2action:fitWindow\",\"source\":\"ru\",\"target\":{\"adminSystemUi\":\"en\"}}','2021-04-04 01:32:31',13420,'apply','finished',1,'finished',2,'finished',2,140,'finished',2,'finished',2,'{\"ru\":\"Применение результатов - Завершено\",\"en\":\"Application of results - Completed\"}'),(267,'L10n_FieldToggleL10n','2021-04-04 01:33:23','{\"field\":\"section2action:l10n\",\"source\":\"ru\",\"target\":{\"adminSystemUi\":\"en\"}}','2021-04-04 01:33:23',19728,'apply','finished',1,'finished',4,'finished',4,361,'finished',4,'finished',4,'{\"ru\":\"Применение результатов - Завершено\",\"en\":\"Application of results - Completed\"}');
/*!40000 ALTER TABLE `queuetask` ENABLE KEYS */;
UNLOCK TABLES;

--
-- Table structure for table `realtime`
--

DROP TABLE IF EXISTS `realtime`;
/*!40101 SET @saved_cs_client     = @@character_set_client */;
/*!40101 SET character_set_client = utf8 */;
CREATE TABLE `realtime` (
  `id` int(11) NOT NULL AUTO_INCREMENT,
  `realtimeId` int(11) NOT NULL DEFAULT '0',
  `type` enum('session','channel','context') NOT NULL DEFAULT 'session',
  `profileId` int(11) NOT NULL DEFAULT '0',
  `adminId` int(11) NOT NULL DEFAULT '0',
  `token` varchar(255) NOT NULL DEFAULT '',
  `spaceSince` datetime NOT NULL DEFAULT '0000-00-00 00:00:00',
  `spaceUntil` datetime NOT NULL DEFAULT '0000-00-00 00:00:00',
  `spaceFrame` int(11) NOT NULL DEFAULT '0',
  `langId` int(11) NOT NULL DEFAULT '0',
  `sectionId` int(11) NOT NULL DEFAULT '0',
  `entityId` int(11) NOT NULL DEFAULT '0',
  `entries` varchar(255) NOT NULL DEFAULT '',
  `fields` text NOT NULL,
  `title` varchar(255) NOT NULL DEFAULT '',
  `mode` enum('none','rowset','row') NOT NULL DEFAULT 'none',
  `scope` text NOT NULL,
  PRIMARY KEY (`id`),
  KEY `realtimeId` (`realtimeId`),
  KEY `type` (`type`),
  KEY `profileId` (`profileId`),
  KEY `adminId` (`adminId`),
  KEY `langId` (`langId`),
  KEY `sectionId` (`sectionId`),
  KEY `entityId` (`entityId`),
  KEY `entries` (`entries`),
  KEY `mode` (`mode`),
  FULLTEXT KEY `fields` (`fields`),
  FULLTEXT KEY `scope` (`scope`)
) ENGINE=MyISAM AUTO_INCREMENT=1748 DEFAULT CHARSET=utf8;
/*!40101 SET character_set_client = @saved_cs_client */;

--
-- Dumping data for table `realtime`
--

LOCK TABLES `realtime` WRITE;
/*!40000 ALTER TABLE `realtime` DISABLE KEYS */;
INSERT INTO `realtime` VALUES (1539,0,'session',1,1,'ebr6vddn3eocra3ujgprh38o15','2021-04-03 23:55:18','0000-00-00 00:00:00',0,1,0,0,'','','Сессия - ebr6vddn3eocra3ujgprh38o15, Русский','none',''),(1540,1539,'channel',1,1,'ORTGx82LfgeH6gn9bI9mZw==','2021-04-03 23:55:19','0000-00-00 00:00:00',0,1,0,0,'','','Вкладка - ORTGx82LfgeH6gn9bI9mZw==','none',''),(1610,1540,'context',1,1,'i-section-entities-action-index','2021-04-04 00:45:10','0000-00-00 00:00:00',0,1,5,2,'7,11,171,313,1,308,4,2,6,5,9,307,312,309,310,91,10,315,316,314,318,20,195,3,8,311','4,5,612,2320','Конфигурация » Сущности','rowset','{\"primary\":[],\"filters\":\"[{\\u0022system\\u0022:\\u0022y\\u0022}]\",\"keyword\":null,\"order\":\"[{\\u0022property\\u0022:\\u0022table\\u0022,\\u0022direction\\u0022:\\u0022ASC\\u0022}]\",\"page\":\"1\",\"found\":\"26\",\"WHERE\":\"`system` = \'y\'\",\"ORDER\":[\"`table` ASC\"],\"hash\":\"d41d8cd98f\",\"pgupLast\":null,\"rowsOnPage\":\"50\",\"tree\":false,\"rowReqIfAffected\":\"\"}'),(1611,1540,'context',1,1,'i-section-fields-action-index-parentrow-309','2021-04-04 00:46:25','0000-00-00 00:00:00',0,1,6,5,'2254,2321,2255,2256,2257,2258,2259,2260,2261,2262,2263,2264,2265,2266,2267,2268,2269,2270,2271,2272,2273','7,8,2413,470,12,754,2197,2414,9,11,10,2239,2412,14,2199','Конфигурация » Сущности » Уведомление » Поля в структуре','rowset','{\"primary\":{\"parent\":\"`entityId` = \\u0022309\\u0022\",\"static\":\"(`entry` = \\u00220\\u0022)\"},\"filters\":\"[]\",\"keyword\":\"\",\"order\":\"[{\\u0022property\\u0022:\\u0022move\\u0022,\\u0022direction\\u0022:\\u0022ASC\\u0022}]\",\"page\":1,\"found\":\"21\",\"WHERE\":\"`entityId` = \\u0022309\\u0022 AND (`entry` = \\u00220\\u0022)\",\"ORDER\":[\"`move` ASC\"],\"hash\":\"5bdd2181fe\",\"pgupLast\":null,\"rowsOnPage\":\"100\",\"tree\":false,\"rowReqIfAffected\":\"\"}'),(1553,0,'session',1,1,'ccbnots2f3o3242f4te9fg67q7','2021-04-03 23:57:40','0000-00-00 00:00:00',0,2,0,0,'','','Сессия - ccbnots2f3o3242f4te9fg67q7, Engish','none',''),(1554,1553,'channel',1,1,'3C09XXmOFU5KgEXxO4wi7g==','2021-04-03 23:57:41','0000-00-00 00:00:00',0,2,0,0,'','','Вкладка - 3C09XXmOFU5KgEXxO4wi7g==','none',''),(1555,1554,'context',1,1,'i-section-entities-action-index','2021-04-03 23:57:56','0000-00-00 00:00:00',0,2,5,2,'','4,5,612,2320','Configuration » Entities','rowset','{\"primary\":{\"single\":\"`id` = \\u00223\\u0022\"},\"filters\":\"[]\",\"keyword\":null,\"order\":null,\"page\":null,\"found\":\"1\",\"WHERE\":\"`id` = \\u00223\\u0022\",\"ORDER\":null,\"hash\":\"69967bbe88\",\"pgupLast\":null,\"rowsOnPage\":\"50\",\"tree\":false,\"rowReqIfAffected\":\"\"}');
/*!40000 ALTER TABLE `realtime` ENABLE KEYS */;
UNLOCK TABLES;

--
-- Table structure for table `resize`
--

DROP TABLE IF EXISTS `resize`;
/*!40101 SET @saved_cs_client     = @@character_set_client */;
/*!40101 SET character_set_client = utf8 */;
CREATE TABLE `resize` (
  `id` int(11) NOT NULL AUTO_INCREMENT,
  `fieldId` int(11) NOT NULL DEFAULT '0',
  `title` text NOT NULL,
  `alias` varchar(255) NOT NULL DEFAULT '',
  `masterDimensionValue` int(11) NOT NULL DEFAULT '0',
  `slaveDimensionValue` int(11) NOT NULL DEFAULT '0',
  `proportions` enum('p','c','o') NOT NULL DEFAULT 'o',
  `slaveDimensionLimitation` tinyint(1) NOT NULL DEFAULT '1',
  `masterDimensionAlias` enum('width','height') NOT NULL DEFAULT 'width',
  `changeColor` enum('y','n') NOT NULL DEFAULT 'n',
  `color` varchar(10) NOT NULL DEFAULT '',
  PRIMARY KEY (`id`),
  KEY `fieldId` (`fieldId`),
  KEY `proportions` (`proportions`),
  KEY `masterDimensionAlias` (`masterDimensionAlias`),
  KEY `changeColor` (`changeColor`),
  FULLTEXT KEY `title` (`title`)
) ENGINE=MyISAM AUTO_INCREMENT=158 DEFAULT CHARSET=utf8;
/*!40101 SET character_set_client = @saved_cs_client */;

--
-- Dumping data for table `resize`
--

LOCK TABLES `resize` WRITE;
/*!40000 ALTER TABLE `resize` DISABLE KEYS */;
/*!40000 ALTER TABLE `resize` ENABLE KEYS */;
UNLOCK TABLES;

--
-- Table structure for table `search`
--

DROP TABLE IF EXISTS `search`;
/*!40101 SET @saved_cs_client     = @@character_set_client */;
/*!40101 SET character_set_client = utf8 */;
CREATE TABLE `search` (
  `id` int(11) NOT NULL AUTO_INCREMENT,
  `sectionId` int(11) NOT NULL DEFAULT '0',
  `fieldId` int(11) NOT NULL DEFAULT '0',
  `move` int(11) NOT NULL DEFAULT '0',
  `toggle` enum('y','n') NOT NULL DEFAULT 'y',
  `alt` varchar(255) NOT NULL DEFAULT '',
  `title` varchar(255) NOT NULL DEFAULT '',
  `defaultValue` varchar(255) NOT NULL DEFAULT '',
  `filter` varchar(255) NOT NULL DEFAULT '',
  `ignoreTemplate` tinyint(1) NOT NULL DEFAULT '1',
  `consistence` tinyint(1) NOT NULL DEFAULT '1',
  `access` enum('all','only','except') NOT NULL DEFAULT 'all',
  `profileIds` varchar(255) NOT NULL DEFAULT '',
  `allowClear` tinyint(1) NOT NULL DEFAULT '1',
  `further` int(11) NOT NULL DEFAULT '0',
  `tooltip` text NOT NULL,
  PRIMARY KEY (`id`),
  KEY `sectionId` (`sectionId`),
  KEY `fieldId` (`fieldId`),
  KEY `toggle` (`toggle`),
  KEY `access` (`access`),
  KEY `profileIds` (`profileIds`),
  KEY `further` (`further`),
  FULLTEXT KEY `tooltip` (`tooltip`)
) ENGINE=MyISAM AUTO_INCREMENT=144 DEFAULT CHARSET=utf8;
/*!40101 SET character_set_client = @saved_cs_client */;

--
-- Dumping data for table `search`
--

LOCK TABLES `search` WRITE;
/*!40000 ALTER TABLE `search` DISABLE KEYS */;
INSERT INTO `search` VALUES (13,5,612,13,'y','','Тип','','',1,1,'all','',1,0,''),(114,5,1441,114,'n','','Включить в кэш','','',1,1,'all','',1,0,''),(116,7,1366,116,'y','','Тип','','',1,1,'all','',1,0,''),(117,7,19,117,'y','','Сущность','','',1,1,'all','',1,0,''),(119,7,2303,119,'y','','Доступ','','',1,1,'all','',1,0,''),(118,7,22,118,'y','','Статус','','',1,1,'all','',1,0,''),(120,391,6,121,'y','Сущность','Сущность','','',1,1,'all','',1,0,''),(133,391,470,132,'y','','Хранит ключи','','',1,1,'all','',1,0,''),(121,391,2197,134,'y','','Режим','','',1,1,'all','',1,0,''),(122,391,12,133,'y','','Ключи какой сущности','','',1,1,'all','',1,0,''),(134,391,9,122,'y','','Тип столбца MySQL','','',1,1,'all','',1,0,''),(123,391,10,135,'y','Элемент','Элемент управления','','',1,1,'all','',1,0,''),(125,387,2325,125,'y','','Состояние','smth','',1,1,'all','',1,0,''),(126,387,2238,126,'y','','Статус','','',1,1,'all','',1,0,''),(127,394,2378,127,'y','','Статус','','',1,1,'all','',1,0,''),(128,396,2397,128,'y','','Тип','','',1,1,'all','',1,0,''),(129,396,2398,129,'y','','Роль','','',1,1,'all','',1,0,''),(130,396,2404,130,'y','','Язык','','',1,1,'all','',1,0,''),(131,396,2399,131,'y','','Пользователь','','',1,1,'all','',1,0,''),(132,391,6,120,'y','','Сущность','','',1,1,'all','',1,612,''),(135,391,2239,123,'y','','Мультиязычность','','',1,1,'all','',1,0,''),(136,7,2213,136,'y','','Режим подгрузки','','',1,1,'all','',1,0,''),(137,5,2243,137,'y','','Паттерн комплекта календарных полей','','',1,1,'all','',1,0,''),(140,10,2202,140,'y','','Статус','','',1,1,'all','',1,0,''),(139,10,1364,139,'y','','Тип','','',1,1,'all','',1,0,''),(141,10,345,141,'y','','Нужно выбрать запись','','',1,1,'all','',1,0,''),(142,10,2100,142,'y','','Отображать в панели действий','','',1,1,'all','',1,0,''),(143,407,476,143,'y','','Поле','','',1,1,'all','',1,6,'');
/*!40000 ALTER TABLE `search` ENABLE KEYS */;
UNLOCK TABLES;

--
-- Table structure for table `section`
--

DROP TABLE IF EXISTS `section`;
/*!40101 SET @saved_cs_client     = @@character_set_client */;
/*!40101 SET character_set_client = utf8 */;
CREATE TABLE `section` (
  `id` int(11) NOT NULL AUTO_INCREMENT,
  `sectionId` int(11) NOT NULL DEFAULT '0',
  `entityId` int(11) NOT NULL DEFAULT '0',
  `title` text NOT NULL,
  `alias` varchar(255) NOT NULL DEFAULT '',
  `toggle` enum('y','n','h') NOT NULL DEFAULT 'y',
  `move` int(11) NOT NULL DEFAULT '0',
  `rowsOnPage` int(11) NOT NULL DEFAULT '25',
  `extendsPhp` varchar(255) NOT NULL DEFAULT 'Indi_Controller_Admin',
  `defaultSortField` int(11) NOT NULL DEFAULT '0',
  `defaultSortDirection` enum('ASC','DESC') NOT NULL DEFAULT 'ASC',
  `filter` varchar(255) NOT NULL DEFAULT '',
  `disableAdd` enum('0','1') NOT NULL DEFAULT '0',
  `type` enum('s','p','o') NOT NULL DEFAULT 'p',
  `parentSectionConnector` int(11) NOT NULL DEFAULT '0',
  `groupBy` int(11) NOT NULL DEFAULT '0',
  `rowsetSeparate` enum('auto','yes','no') NOT NULL DEFAULT 'auto',
  `expand` enum('all','only','except','none') NOT NULL DEFAULT 'all',
  `expandRoles` varchar(255) NOT NULL DEFAULT '',
  `roleIds` varchar(255) NOT NULL DEFAULT '',
  `extendsJs` varchar(255) NOT NULL DEFAULT 'Indi.lib.controller.Controller',
  `rownumberer` enum('0','1') NOT NULL DEFAULT '0',
  `multiSelect` enum('0','1') NOT NULL DEFAULT '0',
  `tileField` int(11) NOT NULL DEFAULT '0',
  `tileThumb` int(11) NOT NULL DEFAULT '0',
  PRIMARY KEY (`id`),
  KEY `sectionId` (`sectionId`),
  KEY `entityId` (`entityId`),
  KEY `toggle` (`toggle`),
  KEY `defaultSortField` (`defaultSortField`),
  KEY `defaultSortDirection` (`defaultSortDirection`),
  KEY `type` (`type`),
  KEY `parentSectionConnector` (`parentSectionConnector`),
  KEY `groupBy` (`groupBy`),
  KEY `rowsetSeparate` (`rowsetSeparate`),
  KEY `expand` (`expand`),
  KEY `expandRoles` (`expandRoles`),
  KEY `roleIds` (`roleIds`),
  KEY `tileField` (`tileField`),
  KEY `tileThumb` (`tileThumb`),
  KEY `disableAdd` (`disableAdd`),
  KEY `multiSelect` (`multiSelect`),
  KEY `rownumberer` (`rownumberer`),
  FULLTEXT KEY `title` (`title`)
) ENGINE=MyISAM AUTO_INCREMENT=408 DEFAULT CHARSET=utf8;
/*!40101 SET character_set_client = @saved_cs_client */;

--
-- Dumping data for table `section`
--

LOCK TABLES `section` WRITE;
/*!40000 ALTER TABLE `section` DISABLE KEYS */;
INSERT INTO `section` VALUES (1,0,0,'{\"ru\":\"Конфигурация\",\"en\":\"Configuration\"}','configuration','y',367,25,'Indi_Controller_Admin',0,'ASC','','0','s',0,0,'auto','all','','','Indi.lib.controller.Controller','0','0',0,0),(2,1,1,'{\"ru\":\"Столбцы\",\"en\":\"Columns\"}','columnTypes','n',6,25,'Indi_Controller_Admin',0,'ASC','','0','s',0,0,'auto','all','','1','Indi.lib.controller.Controller','0','0',0,0),(5,1,2,'{\"ru\":\"Сущности\",\"en\":\"Entities\"}','entities','y',4,50,'Indi_Controller_Admin_Exportable',4,'ASC','','0','s',0,0,'auto','all','','1','Indi.lib.controller.Controller','0','1',0,0),(6,5,5,'{\"ru\":\"Поля в структуре\",\"en\":\"Fields in structure\"}','fields','y',7,100,'Indi_Controller_Admin_Exportable',14,'ASC','`entry` = \"0\"','0','s',0,0,'no','all','','1','Indi.lib.controller.Controller','0','1',0,0),(7,1,3,'{\"ru\":\"Разделы\",\"en\":\"Sections\"}','sections','y',2,50,'Indi_Controller_Admin_Exportable',23,'ASC','','0','s',0,0,'auto','all','','1','Indi.lib.controller.Controller','0','1',0,0),(8,7,8,'{\"ru\":\"Действия\",\"en\":\"Actions\"}','sectionActions','y',8,25,'Indi_Controller_Admin_Multinew',30,'ASC','','0','s',0,0,'auto','all','','1','Indi.lib.controller.Controller','0','0',0,0),(10,1,7,'{\"ru\":\"Действия\",\"en\":\"Actions\"}','actions','y',9,25,'Indi_Controller_Admin_Exportable',0,'ASC','','0','s',0,0,'auto','all','','1','Indi.lib.controller.Controller','0','1',0,0),(11,7,9,'{\"ru\":\"Столбцы грида\",\"en\":\"Grid columns\"}','grid','y',10,25,'Indi_Controller_Admin_Multinew',35,'ASC','','0','s',0,2308,'no','all','','1','Indi.lib.controller.Controller','0','1',0,0),(12,6,6,'{\"ru\":\"Возможные значения\",\"en\":\"Possible values\"}','enumset','y',11,25,'Indi_Controller_Admin_Exportable',377,'ASC','','0','s',0,0,'no','all','','1','Indi.lib.controller.Controller','0','0',0,0),(13,1,10,'{\"ru\":\"Роли\",\"en\":\"Roles\"}','profiles','y',5,25,'Indi_Controller_Admin',2132,'ASC','','0','s',0,0,'auto','all','','1','Indi.lib.controller.Controller','0','0',0,0),(14,13,11,'{\"ru\":\"Пользователи\",\"en\":\"Users\"}','admins','y',13,25,'Indi_Controller_Admin',0,'ASC','','0','s',0,0,'no','all','','1','Indi.lib.controller.Controller','0','0',0,0),(16,1,4,'{\"ru\":\"Элементы\",\"en\":\"Form elements\"}','controlElements','y',14,25,'Indi_Controller_Admin',0,'ASC','','0','s',0,0,'auto','all','','1','Indi.lib.controller.Controller','0','0',0,0),(22,6,20,'{\"ru\":\"Копии изображения\",\"en\":\"Resized copies\"}','resize','y',19,25,'Indi_Controller_Admin',0,'ASC','','0','s',0,0,'no','all','','1','Indi.lib.controller.Controller','0','0',0,0),(30,378,25,'Страницы','staticpages','n',316,25,'Indi_Controller_Admin',131,'ASC','','0','o',0,0,'auto','all','','12,1','Indi.lib.controller.Controller','0','0',0,0),(101,6,91,'{\"ru\":\"Параметры\",\"en\":\"Options\"}','params','y',91,25,'Indi_Controller_Admin_CfgValue',0,'ASC','','0','s',0,0,'no','all','','1','Indi.lib.controller.Controller','0','0',0,0),(112,0,0,'Фронтенд','','n',371,25,'Indi_Controller_Admin',0,'ASC','','0','o',0,0,'auto','all','','','Indi.lib.controller.Controller','0','0',0,0),(113,112,101,'Разделы','fsections','y',104,25,'Indi_Controller_Admin',585,'ASC','<?=$_SESSION[\'admin\'][\'profileId\']==1?\'1\':\'`toggle`=\"y\"\'?>','0','o',0,0,'auto','all','','1,2','Indi.lib.controller.Controller','0','0',0,0),(143,0,0,'Обратная связь','','n',358,25,'Indi_Controller_Admin',0,'ASC','','0','o',0,0,'auto','all','','','Indi.lib.controller.Controller','0','0',0,0),(144,143,128,'Фидбэк','feedback','n',135,25,'Indi_Controller_Admin',681,'DESC','','0','o',0,0,'auto','all','','1,2,4','Indi.lib.controller.Controller','0','0',0,0),(403,0,0,'{\"ru\":\"Database\",\"en\":\"Database\"}','db','y',403,25,'Indi_Controller_Admin',0,'ASC','','0','p',0,0,'auto','all','','12,1','Indi.lib.controller.Controller','0','0',0,0),(172,112,146,'Действия','factions','y',185,25,'Indi_Controller_Admin',857,'ASC','','0','o',0,0,'auto','all','','1,2,4','Indi.lib.controller.Controller','0','0',0,0),(173,113,147,'Действия','fsection2factions','y',161,25,'Indi_Controller_Admin',860,'ASC','','0','o',0,0,'auto','all','','1,2','Indi.lib.controller.Controller','0','0',0,0),(191,173,162,'Компоненты SEO-урла','seoUrl','y',178,25,'Indi_Controller_Admin',1195,'ASC','','0','o',0,0,'auto','all','','1','Indi.lib.controller.Controller','0','0',0,0),(201,7,171,'{\"ru\":\"Измененные поля\",\"en\":\"Adjusted fields\"}','alteredFields','y',188,25,'Indi_Controller_Admin_Multinew',1342,'ASC','','0','s',0,0,'auto','all','','1','Indi.lib.controller.Controller','0','0',0,0),(224,7,195,'{\"ru\":\"Фильтры\",\"en\":\"Filters\"}','search','y',192,25,'Indi_Controller_Admin_Multinew',1444,'ASC','','0','s',0,0,'no','all','','1','Indi.lib.controller.Controller','0','0',0,0),(232,378,204,'Элементы','staticblocks','n',232,25,'Indi_Controller_Admin',1485,'ASC','','0','o',0,0,'auto','all','','12,1','Indi.lib.controller.Controller','0','0',0,0),(379,173,301,'Компоненты meta-тегов','metatitles','y',379,25,'Indi_Controller_Admin_Meta',2181,'ASC','','0','o',0,2172,'yes','all','','1,12','Indi.lib.controller.Meta','0','0',0,0),(378,0,0,'Статика','','n',144,30,'Indi_Controller_Admin',0,'ASC','','0','o',0,0,'auto','all','','','Indi.lib.controller.Controller','0','0',0,0),(389,1,309,'{\"ru\":\"Уведомления\",\"en\":\"Notifications\"}','notices','y',389,25,'Indi_Controller_Admin',2254,'ASC','','0','s',0,0,'auto','all','','1','Indi.lib.controller.Controller','0','0',0,0),(390,389,310,'{\"ru\":\"Получатели\",\"en\":\"Recipients\"}','noticeGetters','y',390,25,'Indi_Controller_Admin',2275,'ASC','','0','s',0,0,'auto','all','','1','Indi.lib.controller.Controller','0','0',0,0),(387,1,307,'{\"ru\":\"Языки\",\"en\":\"Languages\"}','lang','y',387,25,'Indi_Controller_Admin',0,'ASC','','0','s',0,2325,'auto','all','','1','Indi.lib.controller.Controller','0','1',0,0),(388,6,308,'{\"ru\":\"Зависимости\",\"en\":\"Dependencies\"}','consider','y',388,25,'Indi_Controller_Admin_Exportable',0,'ASC','','0','s',0,0,'no','all','','1','Indi.lib.controller.Controller','0','0',0,0),(391,1,5,'{\"ru\":\"Все поля\",\"en\":\"All fields\"}','fieldsAll','y',391,25,'Indi_Controller_Admin',0,'ASC','','1','s',0,6,'auto','all','','1','Indi.lib.controller.Controller','0','0',0,0),(392,1,314,'{\"ru\":\"Очереди задач\",\"en\":\"Task queues\"}','queueTask','y',392,25,'Indi_Controller_Admin',2337,'DESC','','1','s',0,0,'auto','all','','1','Indi.lib.controller.Controller','0','1',0,0),(393,392,315,'{\"ru\":\"Сегменты очереди\",\"en\":\"Queue segments\"}','queueChunk','y',393,25,'Indi_Controller_Admin',2379,'ASC','','1','s',0,2381,'no','all','','1','Indi.lib.controller.Controller','1','0',0,0),(394,393,316,'{\"ru\":\"Элементы очереди\",\"en\":\"Queue items\"}','queueItem','y',394,25,'Indi_Controller_Admin',0,'ASC','','1','s',0,0,'auto','all','','1','Indi.lib.controller.Controller','0','0',0,0),(396,1,318,'{\"ru\":\"Рилтайм\",\"en\":\"Realtime\"}','realtime','y',396,25,'Indi_Controller_Admin',2401,'ASC','','0','s',0,2399,'auto','all','','1','Indi.lib.controller.Controller','0','1',0,0),(405,16,5,'{\"ru\":\"Возможные настройки\",\"en\":\"Possible settings\"}','elementCfgField','y',405,100,'Indi_Controller_Admin_CfgField',14,'ASC','','0','s',2435,0,'no','all','','1','Indi.lib.controller.Field','0','1',0,0),(406,405,6,'{\"ru\":\"Возможные значения\",\"en\":\"Possible values\"}','elementCfgFieldEnumset','y',406,25,'Indi_Controller_Admin_Exportable',377,'ASC','','0','s',0,0,'no','all','','1','Indi.lib.controller.Controller','0','0',0,0),(407,1,91,'{\"ru\":\"Все параметры\",\"en\":\"All parameters\"}','paramsAll','y',407,25,'Indi_Controller_Admin_CfgValue',0,'ASC','','0','s',0,0,'auto','all','','1','Indi.lib.controller.Controller','0','0',0,0);
/*!40000 ALTER TABLE `section` ENABLE KEYS */;
UNLOCK TABLES;

--
-- Table structure for table `section2action`
--

DROP TABLE IF EXISTS `section2action`;
/*!40101 SET @saved_cs_client     = @@character_set_client */;
/*!40101 SET character_set_client = utf8 */;
CREATE TABLE `section2action` (
  `id` int(11) NOT NULL AUTO_INCREMENT,
  `sectionId` int(11) NOT NULL DEFAULT '0',
  `actionId` int(11) NOT NULL DEFAULT '0',
  `toggle` enum('y','n') NOT NULL DEFAULT 'y',
  `move` int(11) NOT NULL DEFAULT '0',
  `profileIds` varchar(255) NOT NULL DEFAULT '14',
  `title` text NOT NULL,
  `rename` text NOT NULL,
  `south` enum('auto','yes','no') NOT NULL DEFAULT 'auto',
  `fitWindow` enum('auto','n') NOT NULL DEFAULT 'auto',
  `l10n` enum('n','qy','y','qn') NOT NULL DEFAULT 'n',
  PRIMARY KEY (`id`),
  KEY `sectionId` (`sectionId`),
  KEY `sectionId_2` (`sectionId`),
  KEY `actionId` (`actionId`),
  KEY `profileIds` (`profileIds`),
  KEY `toggle` (`toggle`),
  KEY `south` (`south`),
  KEY `fitWindow` (`fitWindow`),
  KEY `l10n` (`l10n`),
  FULLTEXT KEY `title` (`title`),
  FULLTEXT KEY `rename` (`rename`)
) ENGINE=MyISAM AUTO_INCREMENT=1646 DEFAULT CHARSET=utf8;
/*!40101 SET character_set_client = @saved_cs_client */;

--
-- Dumping data for table `section2action`
--

LOCK TABLES `section2action` WRITE;
/*!40000 ALTER TABLE `section2action` DISABLE KEYS */;
INSERT INTO `section2action` VALUES (1,2,1,'y',1,'1','{\"ru\":\"Список\",\"en\":\"List\"}','{\"ru\":\"\",\"en\":\"\"}','auto','auto','n'),(2,2,2,'y',2,'1','{\"ru\":\"Детали\",\"en\":\"Details\"}','{\"ru\":\"\",\"en\":\"\"}','auto','auto','n'),(3,2,3,'y',3,'1','{\"ru\":\"Сохранить\",\"en\":\"Save\"}','{\"ru\":\"\",\"en\":\"\"}','auto','auto','n'),(5,2,4,'n',5,'1','{\"ru\":\"Удалить\",\"en\":\"Delete\"}','{\"ru\":\"\",\"en\":\"\"}','auto','auto','n'),(6,5,1,'y',6,'1','{\"ru\":\"Список\",\"en\":\"List\"}','{\"ru\":\"\",\"en\":\"\"}','auto','auto','n'),(7,5,2,'y',7,'1','{\"ru\":\"Детали\",\"en\":\"Details\"}','{\"ru\":\"\",\"en\":\"\"}','auto','auto','n'),(8,5,3,'y',8,'1','{\"ru\":\"Сохранить\",\"en\":\"Save\"}','{\"ru\":\"\",\"en\":\"\"}','auto','auto','n'),(9,5,4,'y',9,'1','{\"ru\":\"Удалить\",\"en\":\"Delete\"}','{\"ru\":\"\",\"en\":\"\"}','auto','auto','n'),(10,6,1,'y',10,'1','{\"ru\":\"Список\",\"en\":\"List\"}','{\"ru\":\"\",\"en\":\"\"}','auto','auto','n'),(11,6,2,'y',11,'1','{\"ru\":\"Детали\",\"en\":\"Details\"}','{\"ru\":\"\",\"en\":\"\"}','auto','auto','n'),(12,6,3,'y',12,'1','{\"ru\":\"Сохранить\",\"en\":\"Save\"}','{\"ru\":\"\",\"en\":\"\"}','auto','auto','n'),(13,6,4,'y',13,'1','{\"ru\":\"Удалить\",\"en\":\"Delete\"}','{\"ru\":\"\",\"en\":\"\"}','auto','auto','n'),(14,7,1,'y',14,'1','{\"ru\":\"Список\",\"en\":\"List\"}','{\"ru\":\"\",\"en\":\"\"}','auto','auto','n'),(15,7,2,'y',15,'1','{\"ru\":\"Детали\",\"en\":\"Details\"}','{\"ru\":\"\",\"en\":\"\"}','auto','auto','n'),(16,7,3,'y',16,'1','{\"ru\":\"Сохранить\",\"en\":\"Save\"}','{\"ru\":\"\",\"en\":\"\"}','auto','auto','n'),(17,7,4,'y',17,'1','{\"ru\":\"Удалить\",\"en\":\"Delete\"}','{\"ru\":\"\",\"en\":\"\"}','auto','auto','n'),(18,6,5,'y',18,'1','{\"ru\":\"Выше\",\"en\":\"Move up\"}','{\"ru\":\"\",\"en\":\"\"}','auto','auto','n'),(19,6,6,'y',19,'1','{\"ru\":\"Ниже\",\"en\":\"Move down\"}','{\"ru\":\"\",\"en\":\"\"}','auto','auto','n'),(20,8,1,'y',20,'1','{\"ru\":\"Список\",\"en\":\"List\"}','{\"ru\":\"\",\"en\":\"\"}','auto','auto','n'),(21,8,2,'y',21,'1','{\"ru\":\"Детали\",\"en\":\"Details\"}','{\"ru\":\"\",\"en\":\"\"}','auto','auto','n'),(22,8,3,'y',22,'1','{\"ru\":\"Сохранить\",\"en\":\"Save\"}','{\"ru\":\"\",\"en\":\"\"}','auto','auto','n'),(23,8,4,'y',23,'1','{\"ru\":\"Удалить\",\"en\":\"Delete\"}','{\"ru\":\"\",\"en\":\"\"}','auto','auto','n'),(24,8,5,'y',24,'1','{\"ru\":\"Выше\",\"en\":\"Move up\"}','{\"ru\":\"\",\"en\":\"\"}','auto','auto','n'),(25,8,6,'y',25,'1','{\"ru\":\"Ниже\",\"en\":\"Move down\"}','{\"ru\":\"\",\"en\":\"\"}','auto','auto','n'),(26,7,5,'y',26,'1','{\"ru\":\"Выше\",\"en\":\"Move up\"}','{\"ru\":\"\",\"en\":\"\"}','auto','auto','n'),(27,7,6,'y',27,'1','{\"ru\":\"Ниже\",\"en\":\"Move down\"}','{\"ru\":\"\",\"en\":\"\"}','auto','auto','n'),(28,10,1,'y',28,'1','{\"ru\":\"Список\",\"en\":\"List\"}','{\"ru\":\"\",\"en\":\"\"}','auto','auto','n'),(29,10,2,'y',29,'1','{\"ru\":\"Детали\",\"en\":\"Details\"}','{\"ru\":\"\",\"en\":\"\"}','auto','auto','n'),(30,10,3,'y',30,'1','{\"ru\":\"Сохранить\",\"en\":\"Save\"}','{\"ru\":\"\",\"en\":\"\"}','auto','auto','n'),(32,11,1,'y',31,'1','{\"ru\":\"Список\",\"en\":\"List\"}','{\"ru\":\"\",\"en\":\"\"}','auto','auto','n'),(33,11,2,'y',32,'1','{\"ru\":\"Детали\",\"en\":\"Details\"}','{\"ru\":\"\",\"en\":\"\"}','auto','auto','n'),(34,11,3,'y',33,'1','{\"ru\":\"Сохранить\",\"en\":\"Save\"}','{\"ru\":\"\",\"en\":\"\"}','auto','auto','n'),(35,11,4,'y',34,'1','{\"ru\":\"Удалить\",\"en\":\"Delete\"}','{\"ru\":\"\",\"en\":\"\"}','auto','auto','n'),(36,11,5,'y',35,'1','{\"ru\":\"Выше\",\"en\":\"Move up\"}','{\"ru\":\"\",\"en\":\"\"}','auto','auto','n'),(37,11,6,'y',36,'1','{\"ru\":\"Ниже\",\"en\":\"Move down\"}','{\"ru\":\"\",\"en\":\"\"}','auto','auto','n'),(38,13,1,'y',37,'1','{\"ru\":\"Список\",\"en\":\"List\"}','{\"ru\":\"\",\"en\":\"\"}','auto','auto','n'),(39,13,2,'y',38,'1','{\"ru\":\"Детали\",\"en\":\"Details\"}','{\"ru\":\"\",\"en\":\"\"}','auto','auto','n'),(40,13,3,'y',39,'1','{\"ru\":\"Сохранить\",\"en\":\"Save\"}','{\"ru\":\"\",\"en\":\"\"}','auto','auto','n'),(41,12,1,'y',40,'1','{\"ru\":\"Список\",\"en\":\"List\"}','{\"ru\":\"\",\"en\":\"\"}','auto','auto','n'),(42,12,2,'y',41,'1','{\"ru\":\"Детали\",\"en\":\"Details\"}','{\"ru\":\"\",\"en\":\"\"}','auto','auto','n'),(43,12,3,'y',42,'1','{\"ru\":\"Сохранить\",\"en\":\"Save\"}','{\"ru\":\"\",\"en\":\"\"}','auto','auto','n'),(44,12,4,'y',43,'1','{\"ru\":\"Удалить\",\"en\":\"Delete\"}','{\"ru\":\"\",\"en\":\"\"}','auto','auto','n'),(45,14,1,'y',44,'1','{\"ru\":\"Список\",\"en\":\"List\"}','{\"ru\":\"\",\"en\":\"\"}','auto','auto','n'),(46,14,2,'y',45,'1','{\"ru\":\"Детали\",\"en\":\"Details\"}','{\"ru\":\"\",\"en\":\"\"}','auto','auto','n'),(47,14,3,'y',46,'1','{\"ru\":\"Сохранить\",\"en\":\"Save\"}','{\"ru\":\"\",\"en\":\"\"}','auto','auto','n'),(48,14,4,'y',47,'1','{\"ru\":\"Удалить\",\"en\":\"Delete\"}','{\"ru\":\"\",\"en\":\"\"}','auto','auto','n'),(52,16,1,'y',51,'1','{\"ru\":\"Список\",\"en\":\"List\"}','{\"ru\":\"\",\"en\":\"\"}','auto','auto','n'),(53,16,2,'y',52,'1','{\"ru\":\"Детали\",\"en\":\"Details\"}','{\"ru\":\"\",\"en\":\"\"}','auto','auto','n'),(54,16,3,'y',53,'1','{\"ru\":\"Сохранить\",\"en\":\"Save\"}','{\"ru\":\"\",\"en\":\"\"}','auto','auto','n'),(67,7,7,'y',58,'1','{\"ru\":\"Статус\",\"en\":\"Status\"}','{\"ru\":\"\",\"en\":\"\"}','auto','auto','n'),(68,10,7,'y',59,'1','{\"ru\":\"Статус\",\"en\":\"Status\"}','{\"ru\":\"\",\"en\":\"\"}','auto','auto','n'),(69,11,7,'y',60,'1','{\"ru\":\"Статус\",\"en\":\"Status\"}','{\"ru\":\"\",\"en\":\"\"}','auto','auto','n'),(74,22,1,'y',65,'1','{\"ru\":\"Список\",\"en\":\"List\"}','{\"ru\":\"\",\"en\":\"\"}','auto','auto','n'),(75,22,2,'y',66,'1','{\"ru\":\"Детали\",\"en\":\"Details\"}','{\"ru\":\"\",\"en\":\"\"}','auto','auto','n'),(76,22,3,'y',67,'1','{\"ru\":\"Сохранить\",\"en\":\"Save\"}','{\"ru\":\"\",\"en\":\"\"}','auto','auto','n'),(77,22,4,'y',68,'1','{\"ru\":\"Удалить\",\"en\":\"Delete\"}','{\"ru\":\"\",\"en\":\"\"}','auto','auto','n'),(99,30,1,'y',69,'12,1','Список','','auto','auto','n'),(100,30,2,'y',70,'12,1','Детали','','auto','auto','n'),(101,30,3,'y',71,'12,1','Сохранить','','auto','auto','n'),(102,30,4,'y',72,'12,1','Удалить','','auto','auto','n'),(103,30,7,'y',73,'12,1','Статус','','auto','auto','n'),(329,12,5,'y',299,'1','{\"ru\":\"Выше\",\"en\":\"Move up\"}','{\"ru\":\"\",\"en\":\"\"}','auto','auto','n'),(330,12,6,'y',300,'1','{\"ru\":\"Ниже\",\"en\":\"Move down\"}','{\"ru\":\"\",\"en\":\"\"}','auto','auto','n'),(377,101,1,'y',347,'1','{\"ru\":\"Список\",\"en\":\"List\"}','{\"ru\":\"\",\"en\":\"\"}','auto','auto','n'),(378,101,2,'y',348,'1','{\"ru\":\"Детали\",\"en\":\"Details\"}','{\"ru\":\"\",\"en\":\"\"}','auto','auto','n'),(379,101,3,'y',349,'1','{\"ru\":\"Сохранить\",\"en\":\"Save\"}','{\"ru\":\"\",\"en\":\"\"}','auto','auto','n'),(380,101,4,'y',350,'1','{\"ru\":\"Удалить\",\"en\":\"Delete\"}','{\"ru\":\"\",\"en\":\"\"}','auto','auto','n'),(808,13,4,'y',589,'1','{\"ru\":\"Удалить\",\"en\":\"Delete\"}','{\"ru\":\"\",\"en\":\"\"}','auto','auto','n'),(806,10,4,'y',587,'1','{\"ru\":\"Удалить\",\"en\":\"Delete\"}','{\"ru\":\"\",\"en\":\"\"}','auto','auto','n'),(429,113,1,'y',399,'1,2','Список','','auto','auto','n'),(430,113,2,'y',400,'1','Детали','','auto','auto','n'),(431,113,3,'y',401,'1','Сохранить','','auto','auto','n'),(432,113,4,'y',402,'1','Удалить','','auto','auto','n'),(1593,387,6,'y',1593,'1','{\"ru\":\"Ниже\",\"en\":\"Move down\"}','{\"ru\":\"\",\"en\":\"\"}','auto','auto','n'),(532,144,1,'y',133,'1,2,4','Список','','auto','auto','n'),(533,144,2,'y',134,'1,2,4','Детали','','auto','auto','n'),(534,144,3,'y',135,'1,2','Сохранить','','auto','auto','n'),(535,144,4,'y',136,'1,2','Удалить','','auto','auto','n'),(1621,403,4,'y',1621,'12,1','{\"ru\":\"Удалить\",\"en\":\"Delete\"}','{\"ru\":\"\",\"en\":\"\"}','auto','auto','n'),(1620,403,3,'y',1620,'12,1','{\"ru\":\"Сохранить\",\"en\":\"Save\"}','{\"ru\":\"\",\"en\":\"\"}','auto','auto','n'),(1619,403,2,'y',1619,'12,1','{\"ru\":\"Детали\",\"en\":\"Details\"}','{\"ru\":\"\",\"en\":\"\"}','auto','auto','n'),(833,16,4,'n',598,'1','{\"ru\":\"Удалить\",\"en\":\"Delete\"}','{\"ru\":\"\",\"en\":\"\"}','auto','auto','n'),(875,224,1,'y',608,'1','{\"ru\":\"Список\",\"en\":\"List\"}','{\"ru\":\"\",\"en\":\"\"}','auto','auto','n'),(876,224,2,'y',609,'1','{\"ru\":\"Детали\",\"en\":\"Details\"}','{\"ru\":\"\",\"en\":\"\"}','auto','auto','n'),(877,224,4,'y',611,'1','{\"ru\":\"Удалить\",\"en\":\"Delete\"}','{\"ru\":\"\",\"en\":\"\"}','auto','auto','n'),(878,224,3,'y',610,'1','{\"ru\":\"Сохранить\",\"en\":\"Save\"}','{\"ru\":\"\",\"en\":\"\"}','auto','auto','n'),(879,224,5,'y',612,'1','{\"ru\":\"Выше\",\"en\":\"Move up\"}','{\"ru\":\"\",\"en\":\"\"}','auto','auto','n'),(880,224,6,'y',613,'1','{\"ru\":\"Ниже\",\"en\":\"Move down\"}','{\"ru\":\"\",\"en\":\"\"}','auto','auto','n'),(881,224,7,'y',614,'1','{\"ru\":\"Статус\",\"en\":\"Status\"}','{\"ru\":\"\",\"en\":\"\"}','auto','auto','n'),(642,172,1,'y',161,'1','Список','','auto','auto','n'),(643,172,2,'y',162,'1,2,4','Детали','','auto','auto','n'),(644,172,3,'y',163,'1,2','Сохранить','','auto','auto','n'),(645,172,4,'y',164,'1,2','Удалить','','auto','auto','n'),(646,173,1,'y',162,'1,2','Список','','auto','auto','n'),(647,173,2,'y',163,'1','Детали','','auto','auto','n'),(648,173,3,'y',164,'1','Сохранить','','auto','auto','n'),(649,173,4,'y',165,'1','Удалить','','auto','auto','n'),(1618,403,1,'y',1618,'12,1','{\"ru\":\"Список\",\"en\":\"List\"}','{\"ru\":\"\",\"en\":\"\"}','auto','auto','n'),(1615,7,45,'y',1615,'1','{\"ru\":\"Копировать\",\"en\":\"Copy\"}','{\"ru\":\"\",\"en\":\"\"}','auto','auto','n'),(1614,10,36,'y',1614,'1','{\"ru\":\"Экспорт\",\"en\":\"Export\"}','{\"ru\":\"\",\"en\":\"\"}','auto','auto','n'),(740,191,1,'y',534,'1','Список','','auto','auto','n'),(741,191,2,'y',535,'1','Детали','','auto','auto','n'),(742,191,3,'y',536,'1','Сохранить','','auto','auto','n'),(743,191,4,'y',537,'1','Удалить','','auto','auto','n'),(744,191,5,'y',538,'1','Выше','','auto','auto','n'),(745,191,6,'y',539,'1','Ниже','','auto','auto','n'),(1548,7,34,'y',1548,'1','{\"ru\":\"PHP\",\"en\":\"PHP\"}','{\"ru\":\"\",\"en\":\"\"}','auto','auto','n'),(1547,5,34,'y',1559,'1','{\"ru\":\"PHP\",\"en\":\"PHP\"}','{\"ru\":\"\",\"en\":\"\"}','auto','auto','n'),(1592,387,5,'y',1592,'1','{\"ru\":\"Выше\",\"en\":\"Move up\"}','{\"ru\":\"\",\"en\":\"\"}','auto','auto','n'),(1528,379,6,'y',1528,'1,12','Ниже','','auto','auto','n'),(789,201,1,'y',583,'1','{\"ru\":\"Список\",\"en\":\"List\"}','{\"ru\":\"\",\"en\":\"\"}','auto','auto','n'),(790,201,2,'y',584,'1','{\"ru\":\"Детали\",\"en\":\"Details\"}','{\"ru\":\"\",\"en\":\"\"}','auto','auto','n'),(791,201,3,'y',585,'1','{\"ru\":\"Сохранить\",\"en\":\"Save\"}','{\"ru\":\"\",\"en\":\"\"}','auto','auto','n'),(792,201,4,'y',586,'1','{\"ru\":\"Удалить\",\"en\":\"Delete\"}','{\"ru\":\"\",\"en\":\"\"}','auto','auto','n'),(910,232,1,'y',643,'12,1','Список','','auto','auto','n'),(911,232,2,'y',644,'1,12','Детали','','auto','auto','n'),(912,232,3,'y',645,'1,12','Сохранить','','auto','auto','n'),(913,232,4,'y',646,'1','Удалить','','auto','auto','n'),(1527,379,5,'y',1527,'1,12','Выше','','auto','auto','n'),(939,232,7,'y',672,'12,1','Статус','','auto','auto','n'),(946,113,7,'y',679,'1','Статус','','auto','auto','n'),(947,113,5,'y',680,'1,2','Выше','','auto','auto','n'),(948,113,6,'y',681,'1,2','Ниже','','auto','auto','n'),(1617,14,20,'y',1617,'1','{\"ru\":\"Авторизация\",\"en\":\"Authorization\"}','{\"ru\":\"\",\"en\":\"\"}','auto','auto','n'),(1268,8,7,'y',1268,'1','{\"ru\":\"Статус\",\"en\":\"Status\"}','{\"ru\":\"\",\"en\":\"\"}','auto','auto','n'),(1295,13,5,'y',1291,'1','{\"ru\":\"Выше\",\"en\":\"Move up\"}','{\"ru\":\"\",\"en\":\"\"}','auto','auto','n'),(1296,13,6,'y',1292,'1','{\"ru\":\"Ниже\",\"en\":\"Move down\"}','{\"ru\":\"\",\"en\":\"\"}','auto','auto','n'),(1522,14,7,'y',1293,'1','{\"ru\":\"Статус\",\"en\":\"Status\"}','{\"ru\":\"\",\"en\":\"\"}','auto','auto','n'),(1545,13,7,'y',1545,'1','{\"ru\":\"Статус\",\"en\":\"Status\"}','{\"ru\":\"\",\"en\":\"\"}','auto','auto','n'),(1549,7,35,'y',1549,'1','{\"ru\":\"JS\",\"en\":\"Js\"}','{\"ru\":\"\",\"en\":\"\"}','auto','auto','n'),(1526,379,4,'y',1526,'1,12','Удалить','','auto','auto','n'),(1525,379,3,'y',1525,'1,12','Сохранить','','auto','auto','n'),(1524,379,2,'y',1524,'1,12','Детали','','auto','auto','n'),(1523,379,1,'y',1523,'1,12','Список','','auto','n','n'),(1577,390,3,'y',1577,'1','{\"ru\":\"Сохранить\",\"en\":\"Save\"}','{\"ru\":\"\",\"en\":\"\"}','auto','auto','n'),(1576,390,2,'y',1576,'1','{\"ru\":\"Детали\",\"en\":\"Details\"}','{\"ru\":\"\",\"en\":\"\"}','auto','auto','n'),(1575,390,1,'y',1575,'1','{\"ru\":\"Список\",\"en\":\"List\"}','{\"ru\":\"\",\"en\":\"\"}','auto','auto','n'),(1574,389,7,'y',1574,'1','{\"ru\":\"Статус\",\"en\":\"Status\"}','{\"ru\":\"\",\"en\":\"\"}','auto','auto','n'),(1570,389,1,'y',1570,'1','{\"ru\":\"Список\",\"en\":\"List\"}','{\"ru\":\"\",\"en\":\"\"}','auto','auto','n'),(1571,389,2,'y',1571,'1','{\"ru\":\"Детали\",\"en\":\"Details\"}','{\"ru\":\"\",\"en\":\"\"}','auto','auto','n'),(1572,389,3,'y',1572,'1','{\"ru\":\"Сохранить\",\"en\":\"Save\"}','{\"ru\":\"\",\"en\":\"\"}','auto','auto','n'),(1573,389,4,'y',1573,'1','{\"ru\":\"Удалить\",\"en\":\"Delete\"}','{\"ru\":\"\",\"en\":\"\"}','auto','auto','n'),(1559,5,7,'y',607,'1','{\"ru\":\"Статус\",\"en\":\"Status\"}','{\"ru\":\"\",\"en\":\"\"}','auto','auto','n'),(1560,387,1,'y',1560,'1','{\"ru\":\"Список\",\"en\":\"List\"}','{\"ru\":\"\",\"en\":\"\"}','auto','auto','n'),(1561,387,2,'y',1561,'1','{\"ru\":\"Детали\",\"en\":\"Details\"}','{\"ru\":\"\",\"en\":\"\"}','auto','auto','n'),(1562,387,3,'y',1562,'1','{\"ru\":\"Сохранить\",\"en\":\"Save\"}','{\"ru\":\"\",\"en\":\"\"}','auto','auto','n'),(1563,387,4,'y',1563,'1','{\"ru\":\"Удалить\",\"en\":\"Delete\"}','{\"ru\":\"\",\"en\":\"\"}','auto','auto','n'),(1564,388,1,'y',1564,'1','{\"ru\":\"Список\",\"en\":\"List\"}','{\"ru\":\"\",\"en\":\"\"}','auto','auto','n'),(1565,388,2,'y',1565,'1','{\"ru\":\"Детали\",\"en\":\"Details\"}','{\"ru\":\"\",\"en\":\"\"}','auto','auto','n'),(1566,388,3,'y',1566,'1','{\"ru\":\"Сохранить\",\"en\":\"Save\"}','{\"ru\":\"\",\"en\":\"\"}','auto','auto','n'),(1567,388,4,'y',1567,'1','{\"ru\":\"Удалить\",\"en\":\"Delete\"}','{\"ru\":\"\",\"en\":\"\"}','auto','auto','n'),(1568,7,36,'y',1568,'1','{\"ru\":\"Экспорт\",\"en\":\"Export\"}','{\"ru\":\"\",\"en\":\"\"}','auto','auto','n'),(1569,5,36,'y',1569,'1','{\"ru\":\"Экспорт\",\"en\":\"Export\"}','{\"ru\":\"\",\"en\":\"\"}','auto','auto','n'),(1578,390,4,'y',1578,'1','{\"ru\":\"Удалить\",\"en\":\"Delete\"}','{\"ru\":\"\",\"en\":\"\"}','auto','auto','n'),(1579,391,1,'y',1579,'1','{\"ru\":\"Список\",\"en\":\"List\"}','{\"ru\":\"\",\"en\":\"\"}','auto','auto','n'),(1580,391,2,'y',1580,'1','{\"ru\":\"Детали\",\"en\":\"Details\"}','{\"ru\":\"\",\"en\":\"\"}','auto','auto','n'),(1581,391,3,'y',1582,'1','{\"ru\":\"Сохранить\",\"en\":\"Save\"}','{\"ru\":\"\",\"en\":\"\"}','auto','auto','n'),(1582,6,39,'y',1581,'1','{\"ru\":\"Активировать\",\"en\":\"Activate\"}','{\"ru\":\"Выбрать режим\",\"en\":\"Select mode\"}','auto','auto','n'),(1583,8,36,'y',1583,'1','{\"ru\":\"Экспорт\",\"en\":\"Export\"}','{\"ru\":\"\",\"en\":\"\"}','auto','auto','n'),(1584,11,36,'y',1584,'1','{\"ru\":\"Экспорт\",\"en\":\"Export\"}','{\"ru\":\"\",\"en\":\"\"}','auto','auto','n'),(1585,201,36,'y',1585,'1','{\"ru\":\"Экспорт\",\"en\":\"Export\"}','{\"ru\":\"\",\"en\":\"\"}','auto','auto','n'),(1586,224,36,'y',1586,'1','{\"ru\":\"Экспорт\",\"en\":\"Export\"}','{\"ru\":\"\",\"en\":\"\"}','auto','auto','n'),(1587,6,36,'y',1587,'1','{\"ru\":\"Экспорт\",\"en\":\"Export\"}','{\"ru\":\"\",\"en\":\"\"}','auto','auto','n'),(1588,12,36,'y',1588,'1','{\"ru\":\"Экспорт\",\"en\":\"Export\"}','{\"ru\":\"\",\"en\":\"\"}','auto','auto','n'),(1589,22,36,'y',1589,'1','{\"ru\":\"Экспорт\",\"en\":\"Export\"}','{\"ru\":\"\",\"en\":\"\"}','auto','auto','n'),(1590,101,36,'y',1590,'1','{\"ru\":\"Экспорт\",\"en\":\"Export\"}','{\"ru\":\"\",\"en\":\"\"}','auto','auto','n'),(1591,388,36,'y',1591,'1','{\"ru\":\"Экспорт\",\"en\":\"Export\"}','{\"ru\":\"\",\"en\":\"\"}','auto','auto','n'),(1594,387,40,'y',1594,'1','{\"ru\":\"Доступные языки\",\"en\":\"Available languages\"}','{\"ru\":\"\",\"en\":\"\"}','auto','auto','n'),(1595,392,1,'y',1595,'1','{\"ru\":\"Список\",\"en\":\"List\"}','{\"ru\":\"\",\"en\":\"\"}','auto','auto','n'),(1596,392,2,'y',1596,'1','{\"ru\":\"Детали\",\"en\":\"Details\"}','{\"ru\":\"\",\"en\":\"\"}','auto','auto','n'),(1597,392,4,'y',1597,'1','{\"ru\":\"Удалить\",\"en\":\"Delete\"}','{\"ru\":\"\",\"en\":\"\"}','auto','auto','n'),(1598,392,41,'y',1598,'1','{\"ru\":\"Запустить\",\"en\":\"Run\"}','{\"ru\":\"\",\"en\":\"\"}','auto','auto','n'),(1599,393,1,'y',1599,'1','{\"ru\":\"Список\",\"en\":\"List\"}','{\"ru\":\"\",\"en\":\"\"}','auto','auto','n'),(1600,393,2,'y',1600,'1','{\"ru\":\"Детали\",\"en\":\"Details\"}','{\"ru\":\"\",\"en\":\"\"}','auto','auto','n'),(1601,394,1,'y',1601,'1','{\"ru\":\"Список\",\"en\":\"List\"}','{\"ru\":\"\",\"en\":\"\"}','auto','auto','n'),(1602,394,3,'y',1602,'1','{\"ru\":\"Сохранить\",\"en\":\"Save\"}','{\"ru\":\"\",\"en\":\"\"}','auto','auto','n'),(1603,387,43,'y',1603,'1','{\"ru\":\"Вординги\",\"en\":\"Wordings\"}','{\"ru\":\"\",\"en\":\"\"}','auto','auto','n'),(1609,396,2,'y',1609,'1','{\"ru\":\"Детали\",\"en\":\"Details\"}','{\"ru\":\"\",\"en\":\"\"}','auto','auto','n'),(1610,396,1,'y',1610,'1','{\"ru\":\"Список\",\"en\":\"List\"}','{\"ru\":\"\",\"en\":\"\"}','auto','auto','n'),(1611,396,3,'y',1611,'1','{\"ru\":\"Сохранить\",\"en\":\"Save\"}','{\"ru\":\"\",\"en\":\"\"}','auto','auto','n'),(1612,396,4,'y',1612,'1','{\"ru\":\"Удалить\",\"en\":\"Delete\"}','{\"ru\":\"\",\"en\":\"\"}','auto','auto','n'),(1613,396,44,'y',1613,'1','{\"ru\":\"Перезапустить\",\"en\":\"Restart\"}','{\"ru\":\"Перезагрузить websocket-сервер\",\"en\":\"Reload websocket server\"}','auto','auto','n'),(1627,405,1,'y',1627,'1','{\"ru\":\"Список\",\"en\":\"List\"}','{\"ru\":\"\",\"en\":\"\"}','auto','auto','n'),(1628,405,2,'y',1628,'1','{\"ru\":\"Детали\",\"en\":\"Details\"}','{\"ru\":\"\",\"en\":\"\"}','auto','auto','n'),(1629,405,3,'y',1629,'1','{\"ru\":\"Сохранить\",\"en\":\"Save\"}','{\"ru\":\"\",\"en\":\"\"}','auto','auto','n'),(1630,405,4,'y',1630,'1','{\"ru\":\"Удалить\",\"en\":\"Delete\"}','{\"ru\":\"\",\"en\":\"\"}','auto','auto','n'),(1631,405,5,'y',1631,'1','{\"ru\":\"Выше\",\"en\":\"Move up\"}','{\"ru\":\"\",\"en\":\"\"}','auto','auto','n'),(1632,405,6,'y',1632,'1','{\"ru\":\"Ниже\",\"en\":\"Move down\"}','{\"ru\":\"\",\"en\":\"\"}','auto','auto','n'),(1633,405,39,'y',1633,'1','{\"ru\":\"Активировать\",\"en\":\"Activate\"}','{\"ru\":\"Выбрать режим\",\"en\":\"Select mode\"}','auto','auto','n'),(1634,405,36,'y',1634,'1','{\"ru\":\"Экспорт\",\"en\":\"Export\"}','{\"ru\":\"\",\"en\":\"\"}','auto','auto','n'),(1635,406,1,'y',1635,'1','{\"ru\":\"Список\",\"en\":\"List\"}','{\"ru\":\"\",\"en\":\"\"}','auto','auto','n'),(1636,406,2,'y',1636,'1','{\"ru\":\"Детали\",\"en\":\"Details\"}','{\"ru\":\"\",\"en\":\"\"}','auto','auto','n'),(1637,406,3,'y',1637,'1','{\"ru\":\"Сохранить\",\"en\":\"Save\"}','{\"ru\":\"\",\"en\":\"\"}','auto','auto','n'),(1638,406,4,'y',1638,'1','{\"ru\":\"Удалить\",\"en\":\"Delete\"}','{\"ru\":\"\",\"en\":\"\"}','auto','auto','n'),(1639,406,5,'y',1639,'1','{\"ru\":\"Выше\",\"en\":\"Move up\"}','{\"ru\":\"\",\"en\":\"\"}','auto','auto','n'),(1640,406,6,'y',1640,'1','{\"ru\":\"Ниже\",\"en\":\"Move down\"}','{\"ru\":\"\",\"en\":\"\"}','auto','auto','n'),(1641,406,36,'y',1641,'1','{\"ru\":\"Экспорт\",\"en\":\"Export\"}','{\"ru\":\"\",\"en\":\"\"}','auto','auto','n'),(1642,407,1,'y',1642,'1','{\"ru\":\"Список\",\"en\":\"List\"}','{\"ru\":\"\",\"en\":\"\"}','auto','auto','n'),(1643,407,2,'y',1643,'1','{\"ru\":\"Детали\",\"en\":\"Details\"}','{\"ru\":\"\",\"en\":\"\"}','auto','auto','n'),(1644,407,3,'y',1644,'1','{\"ru\":\"Сохранить\",\"en\":\"Save\"}','{\"ru\":\"\",\"en\":\"\"}','auto','auto','n'),(1645,407,4,'y',1645,'1','{\"ru\":\"Удалить\",\"en\":\"Delete\"}','{\"ru\":\"\",\"en\":\"\"}','auto','auto','n');
/*!40000 ALTER TABLE `section2action` ENABLE KEYS */;
UNLOCK TABLES;

--
-- Table structure for table `staticblock`
--

DROP TABLE IF EXISTS `staticblock`;
/*!40101 SET @saved_cs_client     = @@character_set_client */;
/*!40101 SET character_set_client = utf8 */;
CREATE TABLE `staticblock` (
  `id` int(11) NOT NULL AUTO_INCREMENT,
  `title` varchar(255) NOT NULL DEFAULT '',
  `alias` varchar(255) NOT NULL DEFAULT '',
  `detailsHtml` text NOT NULL,
  `toggle` enum('y','n') NOT NULL DEFAULT 'y',
  `detailsHtmlWidth` int(11) NOT NULL DEFAULT '0',
  `detailsHtmlHeight` int(11) NOT NULL DEFAULT '200',
  `detailsHtmlBodyClass` varchar(255) NOT NULL DEFAULT '',
  `detailsHtmlStyle` text NOT NULL,
  `type` enum('html','string','textarea') NOT NULL DEFAULT 'html',
  `detailsString` varchar(255) NOT NULL DEFAULT '',
  `detailsTextarea` text NOT NULL,
  PRIMARY KEY (`id`),
  KEY `toggle` (`toggle`),
  KEY `type` (`type`),
  FULLTEXT KEY `detailsHtml` (`detailsHtml`),
  FULLTEXT KEY `detailsHtmlStyle` (`detailsHtmlStyle`),
  FULLTEXT KEY `detailsTextarea` (`detailsTextarea`)
) ENGINE=MyISAM AUTO_INCREMENT=22 DEFAULT CHARSET=utf8;
/*!40101 SET character_set_client = @saved_cs_client */;

--
-- Dumping data for table `staticblock`
--

LOCK TABLES `staticblock` WRITE;
/*!40000 ALTER TABLE `staticblock` DISABLE KEYS */;
INSERT INTO `staticblock` VALUES (21,'sd','hello','Hello','y',443,81,'','','html','','');
/*!40000 ALTER TABLE `staticblock` ENABLE KEYS */;
UNLOCK TABLES;

--
-- Table structure for table `staticpage`
--

DROP TABLE IF EXISTS `staticpage`;
/*!40101 SET @saved_cs_client     = @@character_set_client */;
/*!40101 SET character_set_client = utf8 */;
CREATE TABLE `staticpage` (
  `id` int(11) NOT NULL AUTO_INCREMENT,
  `title` varchar(255) NOT NULL DEFAULT '',
  `alias` varchar(255) NOT NULL DEFAULT '',
  `toggle` enum('y','n') NOT NULL DEFAULT 'y',
  `details` text NOT NULL,
  `staticpageId` int(11) NOT NULL DEFAULT '0',
  PRIMARY KEY (`id`),
  KEY `toggle` (`toggle`),
  KEY `staticpageId` (`staticpageId`),
  FULLTEXT KEY `details` (`details`)
) ENGINE=MyISAM AUTO_INCREMENT=15 DEFAULT CHARSET=utf8;
/*!40101 SET character_set_client = @saved_cs_client */;

--
-- Dumping data for table `staticpage`
--

LOCK TABLES `staticpage` WRITE;
/*!40000 ALTER TABLE `staticpage` DISABLE KEYS */;
INSERT INTO `staticpage` VALUES (9,'Страница не найдена','404','y','<strong>initial value1231231aaa</strong>',0);
/*!40000 ALTER TABLE `staticpage` ENABLE KEYS */;
UNLOCK TABLES;

--
-- Table structure for table `url`
--

DROP TABLE IF EXISTS `url`;
/*!40101 SET @saved_cs_client     = @@character_set_client */;
/*!40101 SET character_set_client = utf8 */;
CREATE TABLE `url` (
  `id` int(11) NOT NULL AUTO_INCREMENT,
  `fsectionId` int(11) NOT NULL DEFAULT '0',
  `fsection2factionId` int(11) NOT NULL DEFAULT '0',
  `entityId` int(11) NOT NULL DEFAULT '0',
  `move` int(11) NOT NULL DEFAULT '0',
  `prefix` varchar(255) NOT NULL DEFAULT '',
  PRIMARY KEY (`id`),
  KEY `fsectionId` (`fsectionId`),
  KEY `fsection2factionId` (`fsection2factionId`),
  KEY `entityId` (`entityId`)
) ENGINE=MyISAM AUTO_INCREMENT=43 DEFAULT CHARSET=utf8;
/*!40101 SET character_set_client = @saved_cs_client */;

--
-- Dumping data for table `url`
--

LOCK TABLES `url` WRITE;
/*!40000 ALTER TABLE `url` DISABLE KEYS */;
/*!40000 ALTER TABLE `url` ENABLE KEYS */;
UNLOCK TABLES;

--
-- Table structure for table `year`
--

DROP TABLE IF EXISTS `year`;
/*!40101 SET @saved_cs_client     = @@character_set_client */;
/*!40101 SET character_set_client = utf8 */;
CREATE TABLE `year` (
  `id` int(11) NOT NULL AUTO_INCREMENT,
  `title` varchar(255) NOT NULL DEFAULT '',
  PRIMARY KEY (`id`)
) ENGINE=MyISAM DEFAULT CHARSET=utf8;
/*!40101 SET character_set_client = @saved_cs_client */;

--
-- Dumping data for table `year`
--

LOCK TABLES `year` WRITE;
/*!40000 ALTER TABLE `year` DISABLE KEYS */;
/*!40000 ALTER TABLE `year` ENABLE KEYS */;
UNLOCK TABLES;
/*!40103 SET TIME_ZONE=@OLD_TIME_ZONE */;

/*!40101 SET SQL_MODE=@OLD_SQL_MODE */;
/*!40014 SET FOREIGN_KEY_CHECKS=@OLD_FOREIGN_KEY_CHECKS */;
/*!40014 SET UNIQUE_CHECKS=@OLD_UNIQUE_CHECKS */;
/*!40101 SET CHARACTER_SET_CLIENT=@OLD_CHARACTER_SET_CLIENT */;
/*!40101 SET CHARACTER_SET_RESULTS=@OLD_CHARACTER_SET_RESULTS */;
/*!40101 SET COLLATION_CONNECTION=@OLD_COLLATION_CONNECTION */;
/*!40111 SET SQL_NOTES=@OLD_SQL_NOTES */;

-- Dump completed on 2021-04-04  1:40:11
